backer_id,wallet_address,name,email,total_pledged,registered_at,status
ed508785-0cac-495d-8acf-09db055f8dc2,0x1e67b2c6e090fe0ad66a08a10d1f6e43b1d00b60,Jason Soto,jennifercruz@example.com,24830.79,2024-03-07 06:22:10,1
cfbf1ea7-d985-4938-945e-fed9c4c39b28,0xc99c727f09274a6c5e39b67233235ab21e58c70f,Stephanie Dalton,osbornejeffery@example.net,19023.260000000002,2024-06-21 15:59:09,1
48d4b8cd-6c77-4932-bccc-4f4e7fb53494,0x19af90937bb8d3ebcfc8bb400bafff61072803d8,Sylvia Martinez,lauriecontreras@example.net,8764.86,2024-07-21 18:17:15,1
9a132359-7d5b-4f8a-9e9c-92dab6da5d67,0x9bde7dd94f640a75c5136942b637e50eb187cf6f,Jessica Briggs,jrivas@example.com,11772.85,2024-11-15 22:51:19,1
2aca9df2-be1b-4d82-ae22-cc7124eb5cad,0x621d436663312e1c84520b956660cfa9162d831b,Joanna Walton,katie87@example.net,29593.93,2024-03-05 10:12:10,1
6bdae68e-8ab2-4190-861b-476dcb910153,0xe41a7c1e2f7838d940cc0bf01891533a039ccac6,Dustin Nelson,patricia12@example.org,24089.16,2024-03-02 07:46:58,1
27a21b2c-58ed-4841-9011-c3de689c7a9a,0x2437f7ba1bf88c25539c8ba76272c042abbe3ee3,Daniel Perry,amy60@example.org,8461.1,2024-10-21 23:22:41,1
c073cfe0-e093-44c0-9783-987bbc78c2c8,0xed4a5fdf52515eed634dfbcd1f192168a71b997e,Lauren Dominguez,wwoods@example.com,15860.84,2024-09-21 03:10:00,1
023dc789-5788-48e9-bfc9-565410e57c03,0xf177f0be3426dace9b61ba92e1b79c77b9799b49,Sara Medina,tracynelson@example.com,8092.43,2023-12-14 18:48:02,1
c5a299e7-9c95-4580-b210-79682f33c92f,0xecbda970b28f33fd94981863aca8112ef7f5c3ab,Rebecca Ramsey,ncalhoun@example.net,0.0,2023-12-13 23:36:54,1
d36f07b9-8516-4335-8189-f2b1ad693425,0xb1e4f2dbc84afb7591af06314ce068da0b96e69a,Mary Miller,dtaylor@example.org,1126.74,2023-12-23 00:57:23,1
824f8c0b-8426-4a55-b09e-19a83b920ae1,0x340dfd699bf25f290ce1901754c43b6599706f24,Jesse Rogers,aramirez@example.com,17630.86,2024-10-22 18:12:12,1
6e201971-2304-42ff-bda6-598d1e8492af,0xf763a4064eab991263026f71968989cd05a54211,Joshua Cooke,jeffrey10@example.org,0.0,2024-03-08 13:07:01,1
f22c09fa-81ae-4dd0-a558-860c4ff8ab5d,0x7b32c2e125182d954c31f1b0b0884a92bf618024,Christian Martinez,elliottjeffery@example.net,129.79,2024-03-12 00:38:02,1
a72c1e01-75a6-4908-8d99-c76ba2c93d24,0x5bb6ac3700857f9a6dde94b39dbdf9d631f58d06,Lawrence Adkins,stricklandfrank@example.com,2082.06,2024-01-14 11:49:23,1
1bc302c9-26bd-425e-8730-aa8f8f5bd20e,0xb3d18045d73fbe88aca02dee89aaec229b11f0a8,Laura Odonnell,tsanders@example.org,4324.94,2024-01-02 00:36:29,1
9990e932-d6d6-4ad4-88cd-e4e8fe11d242,0x36a08231456ea689590508ae7e786f1a5084a902,Dana Terry,melissa91@example.net,39693.46,2024-10-02 10:57:35,1
77a88e36-8637-46c5-b971-c54b03cbbad6,0x4ab8902cda69e838854ff3620ecfed2da8aac78d,Mary Jones,alexander67@example.org,35911.38,2024-05-19 21:00:02,1
3b0c6f75-fe92-49f4-a293-5eb92a1a14dc,0x078942353dc3eadc1a4e88335f559ebe30922d47,Sandra Zimmerman,hthompson@example.net,20181.82,2024-03-17 09:37:12,1
22fe0adb-f698-45ad-9797-5602042cf732,0x718e0fb964e10843f8c683a295501b97a745679c,Patricia Marshall,marcus31@example.com,48333.61,2024-11-09 21:40:04,1
cba45752-5a51-4d60-b46f-dfdc00847a8b,0x37e82edbefb784e1e1053f41c8f0905cf3786946,Laura Barnett,anthony52@example.com,0.0,2024-02-23 21:22:12,1
17866f4a-503a-4785-9230-b3244021870f,0x1caa9c182239cd4b570411faab3a748fd2003880,Douglas Carlson,angela83@example.org,28056.98,2024-03-06 05:52:16,1
3282b9b3-c514-41cd-87b7-61afcc6511a8,0xb48b5d6e5b4c8246076b89a2fc270924a14b4a2f,Peter Vaughn DDS,bwest@example.org,3056.99,2024-03-26 18:44:38,1
9620a122-5688-4ef0-81cf-1ca27ec74bb1,0x1e58053833789be5520a38970f0a64a8ea2e7362,Elizabeth Perkins,wtran@example.com,5629.2,2024-09-18 04:53:30,1
73293982-7740-4b8c-a3e4-7082aeb51c34,0xb5fe5fb9766d255b802c1d2040e02a15e32b6d9a,Jesse Parker,davidlee@example.org,49291.89,2024-09-17 00:25:23,1
1e6a5758-7316-4c8e-b34f-dd5b487afc44,0xba3b58d46c6e97b7e6be6e50d21f09c916b34362,Cathy Robinson,lhill@example.net,3028.5299999999997,2024-07-22 06:45:45,1
63fbccee-a02d-41ec-8b60-1ecff2545c01,0xf1d4dcf1b2b807ec92ea6a960c198f734db5b8b5,Cory Perez,kevinerickson@example.org,12098.220000000001,2024-03-19 01:02:11,1
d5e26c44-9461-4b26-8c3a-4e1ce4e5f632,0x7b3643054ba803a56c0b0f5ca25db9192d884965,Edgar Raymond,agarcia@example.net,47344.87,2024-03-22 22:30:15,1
4c808c88-a681-48e8-bd54-0e73a5feea82,0x837f10265718050736dafdad6a1734b80649be87,Cody Williams,ewilson@example.com,35405.85,2024-06-11 11:40:47,1
27e12172-e53e-4785-bbda-7c4a69654b38,0x0b8943fcb4e57d801da6f9f063c15a364d10866f,Amy Hernandez,christopher31@example.net,0.0,2024-09-25 09:23:56,1
b265d5d8-4586-41b8-8724-94ea4cd96066,0x591aa238a9cc32271df3b374c8077cc10f4f0600,Lisa Rowe,chayes@example.com,11113.84,2024-11-01 13:36:14,1
d774dbb9-18e3-41dc-a37b-12e01f0812fc,0x77b9ee167f4e589a9af264498f43bc8e0d5f32bd,Keith Brown,mezajared@example.org,0.0,2024-03-15 06:57:01,1
3b8d2fc7-bfea-4c88-80dc-4ac4a1a8191b,0x335e3cc25849af443f5c1d00402fefd5fdeaabf7,Christopher Jones,ortizhannah@example.com,7557.34,2024-03-25 15:00:11,1
a742170f-a6e9-43ab-8fbf-993fd0c8c883,0xb203a87c16c25a3bf9a00b5b12b02caea6ed6239,Douglas Heath,mcdanielsandra@example.net,7124.58,2024-07-19 13:30:25,1
7f7ed15d-b044-4c2b-8abd-ce1a249ac313,0x4462acb8bf3ab7487d5fbb06f033ab09bdd5cbaf,Jessica Stephens,rebekahserrano@example.org,663.65,2023-12-26 16:08:11,1
aa3ff90e-e4a1-4acd-82f5-0f2c8f9d3a5f,0xa9dcfa5d412087290f0d5bf6dd6d6489ef7e9f46,Paul Carroll,scott74@example.net,51474.57,2024-05-07 19:55:15,1
1fcbe0ed-c4be-4b68-912a-3958acd9f586,0x7cf8363f6c2f28a51401783bef515fd65559c612,Katherine Miller,prestonjessica@example.net,22688.77,2024-03-09 17:52:03,1
5c4cfb32-4054-4417-8e6e-707500d3f632,0x207973c2a14c59845145c79ff2e74d54b3737cd5,Michael Valencia,keyemily@example.com,1783.6,2024-07-14 07:16:51,1
3eb52361-d4de-443c-a5c3-804533206ea8,0xd921ba24e2b05cc6f7d3a23efecb95c8dbcc4c30,Julie Pearson,howard96@example.net,8996.47,2024-10-14 17:34:57,1
f8f29199-5f33-42e4-9c8e-048a0f0f07ea,0x97e684deb06bc1c9481e514ba486d53efc73e16f,Gregory Cook,hodgemark@example.net,0.0,2024-06-12 22:22:32,1
3493b651-8e09-405c-a7c0-03a9a3fd154b,0xa538d55ca7b04e212d8d444e51ccbfde52e37341,Robin Pierce,qmiller@example.com,3845.83,2024-01-17 12:44:14,1
4826f172-6482-4cac-9220-9b64cbd99f73,0x1c53d4f15635d58cb44f34f42edade34d222b9b5,Jose Travis,mgutierrez@example.net,13151.929999999998,2024-04-22 00:17:51,1
74fb3143-91e9-42c6-8a0c-36efb69c5142,0xfffd22de629f5a1a2d2ba96975e0e3a5a42805a9,Mr. Anthony Adams Jr.,samuel71@example.org,0.0,2024-08-04 04:30:10,1
72c5a7b5-66bf-41cd-81b2-81cac12c1fb9,0xf98e69212092ffc56463e4371f3645544fcb04b6,Christopher Pierce,hdavis@example.com,6785.8,2024-01-18 03:08:00,1
b3b78c1b-fea4-47ae-8efb-e09fe02ed8ac,0x73948924b9c8a6b429760f58060f245f9decfbc8,Timothy Carter,robert77@example.org,5987.81,2024-05-28 21:49:41,1
3532a2af-f565-49fb-9f57-1d12f4c2a432,0xea4e02c4a14a522a1914b589c2fbcd9d9904fed3,Thomas Romero,michellehill@example.com,2781.56,2024-04-13 12:08:11,1
8fcf2288-6a6b-4742-ab5c-74fcc876517a,0x249c073b97c115ae7dda045ac27c81cf3176bc5a,Samantha Campbell,mary97@example.org,66200.13,2024-05-24 22:23:35,1
fdaec769-6f6b-4a12-81bc-a76fecb853d3,0xff497ccd26a774dce0330614f1415d4b6acc90b4,Juan Daniels,mcantu@example.net,150.02,2024-03-05 06:05:55,1
8dd4e3ab-ef53-4295-af57-d7359ffdd7e4,0x13b5daf10f51b46c4815519c7f11c14f88223f2a,Reginald Williams,zthornton@example.com,0.0,2024-05-01 10:47:04,1
25b1bf4a-9a1d-4415-8e0b-cb565e5fa47d,0x1f0f9767a9a1766353964b423cb911fe32eb287b,Marissa Hernandez,martineztammy@example.com,13027.27,2024-11-05 06:27:51,1
fe66a0ab-db04-46f6-a9a8-8885ed7abe30,0xe9d80d3dcb2434ce5285ae4663ee6bc1bf7974b2,Ariana Lozano,bowenrobert@example.net,2724.59,2024-02-01 11:01:14,1
ce3ae586-193c-43a6-bb90-8f72d0fc1f2e,0xe3010a9986244b72ccdc069cb61779384e31cdb1,Deborah Hanson,vsantos@example.net,4709.1,2024-11-01 05:55:09,1
c2670d4b-2d55-4863-b0ef-4b0e44a020c0,0x3a85eae81369b56bde15e629f10845726b6c55b7,Lori Clay,cbrennan@example.net,30922.469999999998,2023-12-30 01:59:50,1
dd009c2f-4ecb-4b59-acff-122881c0ffca,0xb61ae20c5dfbde302b779eccc6aa44b3812a2e0d,Donna Perez,hamiltoncorey@example.net,24312.32,2024-09-01 21:00:27,1
b5a9a9b3-7792-4e03-a66a-ada18f5cff56,0x0ebd7997a5e89d6e9ef71c35c0dc54bc8a7528e7,Michael Berger,nguyenbrian@example.com,4805.660000000001,2024-04-27 02:02:30,1
38b478f4-5690-472a-a25d-8f1887a3115e,0xcd70b371a605958e6ad7edc3a52d44f90cae7d07,Jason Maldonado,georgemiller@example.com,0.0,2024-07-31 04:23:20,1
21ea70c1-3cf2-423a-9163-40e92716c642,0x328c2718099de468b996c90556b14e8a3adb0de7,Mr. David Little MD,nolansteven@example.com,6382.01,2024-08-22 16:03:39,1
b1904b95-ada2-44f0-8c9c-68ebe343f5b3,0x8aff3a2b917de579b819c88a89b3112a2fb4b1fa,Tony Huerta,danielle64@example.com,7219.46,2024-10-26 19:04:24,1
be8f94ab-c29d-458a-9b48-7b1d506bfec1,0xca378ef631f865f96e739256972ec3c201927f6c,Dr. Ashley James MD,victoria40@example.net,30615.97,2024-05-05 05:26:47,1
749a230a-cbae-42f5-8a1d-fa2dae09d71c,0x1e5ba6c58930f5d02407daff1d97c96e3a98173f,Melissa Garner,lozanojulie@example.com,0.0,2024-09-29 18:41:58,1
aef32fc2-83dc-4c4b-911b-2c4adb4edf37,0x63daf6c8e2885eeaeec2ef87a60cc297711224c4,Heather Fields,erica21@example.net,13451.44,2024-08-10 12:36:03,1
f441ca32-953c-428b-956f-87f7b39164fb,0x15bfd2d8a068f8f77359a5e2898ccaad53a5c442,Amanda Diaz,christopherphillips@example.net,23120.549999999996,2024-05-12 21:02:21,1
521c3fd2-e92a-40a9-a989-b84592dae398,0xa367f997152285925333533c1e5a2d3905adb483,Joshua Mata,maria47@example.com,25541.420000000002,2024-09-18 10:42:25,1
b5fb06d4-18bb-4a8a-88c9-2b444205acd5,0x90d90c3a17dd9da972db6aa5bd42c7f54d7e91d9,Julie Jones,michelleramsey@example.com,2143.76,2024-10-26 23:10:46,1
056c9b21-6943-4aa0-aba9-87ac47756833,0xb0af49e793c558475346a4057a881c60f6fb9bee,Richard Smith,gibsonemily@example.net,11878.8,2024-03-14 07:47:28,1
e6c253f8-1a08-4cf4-8228-dd6389b171a1,0x43db19da235091cb5ca39054155c5f456686b9b4,Teresa Rodriguez,thomasharvey@example.net,0.0,2024-04-08 21:30:35,1
b9fb8d0b-aa4d-4788-a76a-0785aa2ba46d,0x5df33816084e8771825b5162a1b0c3085f19d76d,Arthur Colon,debra12@example.org,12371.65,2023-12-17 23:06:42,1
039faaf2-738c-4f08-8e18-76037c70adf6,0x47e707b039ca66c11f453b03ab7669a83292e432,Brent Clay Jr.,vwatson@example.net,71619.79,2024-06-30 07:13:43,1
63896954-2bac-46ca-a192-7d9fc2a95818,0x2c314df6bf654aad75668fa6b2fce2ea4e5dce2d,Brittany Perry,basschristina@example.com,30888.839999999997,2023-12-16 05:12:27,1
018630b6-00c5-4c46-a9ad-f43071f0e9a4,0x198342318aae27dab6642a515d0cad9100ebcc8a,Jeremy Young,cory58@example.net,2558.4,2024-04-20 19:21:08,1
c029173c-1a91-4efa-89d6-768a17f7ecec,0x1b338bb659b79d26e394024ed52d63d5d6df3eef,Walter Rush,ndavis@example.net,7284.56,2024-08-07 20:46:32,1
a79e3a6d-1ea6-40a6-8152-77beca5288a8,0x65cbcbf49c36067690c2f606d4d371ae149ed47b,Richard Sanchez,kristinharris@example.net,0.0,2024-02-21 23:06:58,1
67450655-dbd1-43fd-bbbe-9808f2f24ffe,0xbc2a80140d519b9fe49c2788c69cc58d308574eb,Crystal Schroeder,ramireztracey@example.org,3736.52,2024-06-30 07:26:33,1
50827f48-1e55-47c5-9c09-9c0c13cedb18,0x9ec00b9a0f5d6df33a1ca46b1a5669096fd81128,Matthew Johnson,howardkristina@example.net,24460.02,2024-04-07 06:02:18,1
d227fd66-0791-4a99-88d8-cac9ee9a896d,0x2f1d8cda5b3300e9bcbb0e9bd206e0779a55e79c,Cameron Fisher,reesethomas@example.com,3561.39,2024-06-19 19:59:39,1
a3c3c3ab-7bf2-432d-877f-f79733361ef2,0xc71ca27c56ab19ec6bad07a35ec502b678e3e1c7,Daniel Gilbert,stephen00@example.com,7943.56,2024-10-27 13:39:52,1
731724b0-44db-44dd-a4ce-49d04dd71e09,0xf1998a2045845ffe010c2e374b55ae9f009d1ee2,Katherine Browning,lammarc@example.org,24868.120000000003,2023-12-29 00:28:21,1
e3c8f490-f8ec-4731-babd-751be685fe33,0xe276b5590aeb248a63acda25ebeafab9a8100868,Lauren Joseph,hvang@example.com,0.0,2024-05-27 17:12:14,1
c6a1c7af-cfce-4b65-87d8-27c0fd3c617c,0x848411394a86021e7049de07405c89fd6f86ca19,Ricky Wilson,russellbeasley@example.com,2274.57,2024-04-13 03:20:28,1
311f7c77-1bf9-4657-bd63-cfee0903b6d4,0xf79acfeba9530a26fbd6788bb836bc3e55c2d101,Nicholas Edwards,elizabeth52@example.net,9127.550000000001,2024-11-25 23:06:49,1
10260054-9068-4928-96c0-6deffa19a5e5,0x2c77a5ad7491558f0cca15e0b50549cfd9baa9f3,Bradley Reynolds,lisa80@example.net,38642.77,2024-07-08 14:38:04,1
39d745d4-22c5-439e-a6e1-981b6b4576be,0xc59d560e6b5158d1ebb356737874cceec240d93b,Jennifer Russo,uparrish@example.org,21089.81,2024-03-24 05:10:12,1
7dd5236c-6282-4c5f-8e16-49e9c11b3f92,0x7dcabc1ff1bb5704bfacc2e6fa841d065382f1a0,Kenneth Lewis,gwalker@example.com,34025.26,2024-10-26 19:43:15,1
b3f621d9-211f-4901-baca-c231c2005469,0x894ef38a1a608d9a6ccd638ca0c8725a3ce8c2d5,Donald Perez,xbruce@example.net,5890.22,2024-07-28 19:11:13,1
64f14de2-a820-4ee2-a7dd-0e224b561999,0x05cbb5a8bc6315dedf8b8e15cfcce431ab52b22a,Lisa Barrett,anthony44@example.com,9323.0,2024-04-17 20:02:42,1
8a6c6894-4c8c-49cb-a558-d221a9fdafb2,0xd76c5f0ec4363877e6193d00e66852422cbf1f8a,Kylie Morales,joycebonilla@example.org,35894.24,2024-09-18 06:32:07,1
9ec407cd-5ff9-4d05-b276-af94685420c7,0xf1a1410b3fc947ea20b8e12e0d8440501b8aa56b,Jesse Moore,jennifer99@example.org,35837.63,2024-11-10 13:36:56,1
9ae4c69f-18ba-48ff-b110-d713bf977905,0x1846c5b9ca8f0e3423d6503a52d4b4778cd66970,Luke Craig,scott67@example.net,3845.3,2024-05-23 04:25:12,1
20235925-67a8-4a9f-bb14-d9ab1e0c7e9c,0x15ce3ef3b27657e7d6ad8eee0f7ef289179a61c8,Jose Reed,campbellerika@example.com,19490.75,2024-06-25 03:39:05,1
dab08946-bb2f-49c0-8691-61d185c21c0b,0xfd82eb1c10b127dee99b746c801767a96090adaf,James Greene,harrissierra@example.org,45682.71,2024-09-25 06:45:55,1
5b911736-be26-4dee-b20e-347a91f0e472,0x5c0283b1adec4992481b67525abef054d54dac23,Adam Burgess,davidpatel@example.org,12545.48,2024-06-14 19:03:09,1
5975ea3f-7482-4cda-8541-cd6309a3c255,0x4281de16aaf7035858c1e3809f000307aa841345,Heather Sanders,grahamsteve@example.org,7316.6,2024-11-02 07:43:02,1
b2412365-899f-414d-ae87-3762e1ea1382,0xd971a778810129735b93597bf7411d4e645f8892,Jared Bowman,darius05@example.org,12170.880000000001,2024-10-09 17:08:00,1
b4007699-0c6a-4df4-bc55-a8c1571f38d1,0xd32fa809091e410f834a1f0aabdb336cba3855e2,Michael Cox,prichard@example.com,16655.5,2024-07-19 04:56:52,1
0a9ffb1e-0a95-477a-bb00-f088f81bc8ce,0x8c1976f3f81e82e2295acbf1d4c9aaaf27bf18f3,Seth Reese,masonjackson@example.net,622.11,2024-08-05 10:21:05,1
53f61f4f-fec3-4414-bb50-3e33edcb34ca,0x547d0f60eacfb0329e3e07bd15b86e73ac34ace2,Susan Bailey,joelthomas@example.org,9217.79,2024-02-08 21:23:52,1
e8da9445-17fe-478a-9aca-b0a463f7f161,0xdeb814dd893af4e5ade55dc10fe226f7d34ccc9e,Mary Thompson,kmarshall@example.net,24631.170000000002,2024-05-25 20:22:11,1
c48d2fcd-7861-4eea-bfd9-7ef112be4c61,0xdb4c6301f70e75772d6b8fc624f84e6da6ecbd06,Maria Downs,michelle52@example.com,27067.489999999998,2023-12-30 00:44:37,1
44907026-b945-4659-b126-c9e318d0c7ae,0x40d38849115955a869324dfc0151f07a6e3caae5,Rebecca Vargas,william47@example.com,16206.43,2023-12-18 02:47:40,1
8100ce97-341f-43b5-9124-abfec28e2166,0x13560dccfffb13c101d5bc0610cc95d7587437d8,Angela Lin,gilbertwilliam@example.com,66114.15,2024-07-15 21:19:54,1
0fb12e36-88a9-42b6-99dc-f6c91ec8f37b,0xaea5dde81d60cb6b1c1b4527e4c415667be6ef8c,Stephanie Cole,marcalvarez@example.org,11617.63,2023-12-27 12:58:27,1
b6c4b8d2-6496-4d47-a6a0-60ae8e1b4b5a,0xd832b1ea2acb1134d94e216e63416618c1455dc5,Sara Haas,wagnergerald@example.org,14238.349999999999,2024-09-03 07:46:55,1
c0e69673-e684-476b-b765-7179cc504642,0x3a8bc68ae280bdd717a604500c6d9cabbbc054b9,Joseph Moore,samantha66@example.com,0.0,2024-08-23 04:03:18,1
e52e4db6-fab9-4e13-8915-64cd422060a8,0xaa7c17f25d23948083b96211859e6dd044f88413,Maria Jones,grantpaul@example.com,9506.42,2024-09-09 13:57:22,1
f07367d6-7599-4b8e-a152-057ca9c72204,0xb3d9adaa4ad1df5f8bd1d91d09aefefd3ca40785,Lindsey Hernandez,aguilardonald@example.com,17091.95,2024-04-01 23:50:20,1
b69a318d-7042-4feb-b1d0-68d6ebe615ae,0x369783e4c84097e7b9ffbadb1a45ca09a13d0b9f,Jenna Larson,collinsnicholas@example.com,0.0,2024-10-14 07:42:04,1
3ec64f8c-34c3-45c5-9b75-e38fdcd160f1,0x32c68f5a2961daafcf37295d60d1a9f563391687,Theresa Osborn,lucasrodney@example.com,0.0,2023-12-10 14:11:26,1
e6fc632a-40db-4335-86b3-5a939ad5bae3,0xe1bbf2b0644e346642594271fb00199510a84056,Daniel Meza,ilee@example.org,644.16,2024-01-02 11:30:01,1
712598fa-3ac8-4800-9989-df5056964b7a,0x9612673e81e50ff8d7caa9bdc0fe58d95e4433d1,Katie Fernandez,stanleynancy@example.net,0.0,2024-01-23 09:44:07,1
f0ce13bb-c5cd-4263-b633-ccbfb1d7a33a,0x0f07d33cfd2c990c28e838d541d224984dcbde18,Christopher Schwartz,jenniferwilliams@example.com,7031.8,2024-08-22 04:25:44,1
4379d14e-6c64-4cee-a054-4e77f36422de,0xb273df51c4da3004dae2d0b55929762a556c7f29,Lisa Goodwin,pyoung@example.com,34113.05,2024-10-12 13:11:25,1
457dbad0-f436-4267-825d-570e30ca1194,0x7017e4f6215e8fb5f28a6790af018a373f6af6a5,Cheyenne Gregory,smurray@example.com,25531.809999999998,2024-06-15 19:41:59,1
c74b37e4-34ea-405d-8b86-81b74b82aa1d,0xba2f23d7eb2043933d8c8404e702f9741b09996e,Ruth Solis,moniquewilliams@example.com,4069.59,2024-11-06 23:37:48,1
7993849b-3c19-4452-a494-8e162b0440b8,0xa4e9c0a3a43f6a25ed592b47222e82d30547ebf8,Michelle Black,mitchellkathryn@example.com,23261.96,2024-05-26 00:13:42,1
c242dfb9-47f9-42eb-9a3d-3dc9b5890c17,0x78a73d7b3cfba59c0ad451589a2127742132381c,Jeffrey Potts,lisawilkerson@example.org,0.0,2024-05-12 15:23:21,1
6fe9b89f-d3d7-4ed8-b914-2c0489baa67a,0x467bf0f5732070ea8905aff26b85dc52b71710b5,Cynthia Vang,jeffrey51@example.net,40059.37,2024-08-11 22:20:32,1
9ab0310d-9e5f-47f7-9530-50cd0c7aaa00,0x15641c24b4c8cbf366bb727acbd174628c24d7eb,Andrew Lowery,ihorton@example.net,0.0,2024-06-02 16:41:34,1
fc7b4247-bade-4b6a-9ad8-696ba357bd97,0x0e844d79eff7c625918d803940a275bfbec3d6ad,Bobby Scott,anaacosta@example.net,11648.71,2024-05-15 21:17:24,1
af4e3957-ac24-4db0-a0b3-2dfb384dd00f,0xbd5e0d832856253c0791fda34f2579b28c4bc319,Eric Williams,nfowler@example.com,15893.82,2023-12-27 21:40:29,1
f653dd25-0ff5-4e45-918a-edb7f824e275,0xf5af49abe07a8fee8b78aea610987c7dad453988,Linda Smith,jennifercarter@example.org,466.42,2024-07-29 06:42:37,1
3b42766d-85d6-4f6d-875e-b2c5bf32eec5,0x7dfa0b7ea9cb0e771b1613059277c0083669b730,Chelsea Barnett,carlos88@example.net,19763.760000000002,2024-10-03 22:09:50,1
789f545c-20a6-423a-8bf5-46108fb6c983,0xd2c5a15316fe4df5d284e342432199b1884084fa,Jeanette Harrison,qzavala@example.net,24264.44,2023-12-09 19:39:29,1
970153c4-ec96-46d9-abfc-929aa0c5d716,0xf685e928ca67a0c590700d2f7e034a4f622ec77d,David Sandoval,ingramjill@example.com,5020.2,2024-01-24 07:44:14,1
a14a1967-b26f-426b-ab9c-3159a8bcac43,0x689759cf156906a73b486942478f88223480cb38,Robin Thompson,epollard@example.net,0.0,2024-02-12 07:13:25,1
fc303112-16c1-400f-b9da-f5acc9264b63,0x7a51c2b7f5ea6432398e192cf3e827ecae3ab82f,Ricardo Ellis,james30@example.com,3143.84,2024-11-29 23:55:04,1
53be7e9d-8c75-477a-8e17-ab6707fc8292,0x1314ade945560e7bfc7239b67a4691a26c1c60f7,Robert Kennedy,mullinsjames@example.com,6158.06,2024-11-02 07:58:59,1
222996d0-96eb-473e-8ef7-f8e7752c428f,0x7d52df792ea16bde48f8fa928d6ba010ce32b58f,Evelyn Martinez,samuel67@example.com,30922.59,2024-04-13 04:19:12,1
87b8a982-b775-41be-86bd-ca1da182d5dc,0x7d307746e02da00fad12b6a12896efe12a559349,Jonathan Glass MD,acostachristian@example.net,66095.56,2024-10-17 21:02:45,1
8239f263-deb4-489c-9c8b-868a9158eb76,0x77cfae4d5ddb2a93a74672c05077b3c3c4484521,Brian Murphy,kirk96@example.org,30428.13,2024-08-27 09:20:37,1
a8560b8b-f486-4889-bd4a-2e3eb5b27494,0x81151a56d6a8a845d93d1249856ba2bc9ab16178,Nicholas Buck,yhill@example.org,6777.48,2024-01-01 15:42:14,1
8e191811-556c-4203-8c52-0e1e51dcc2d5,0x29644efcf12bd27579754ed1ec04fbee62e1dc80,Jose Brady,stephaniethomas@example.net,54812.340000000004,2024-08-22 20:30:57,1
e846c41d-b281-45e7-bfc5-75f8bbebf060,0x22f931453f8064700a32fe7a42647133fbcd73d2,Austin Osborne,michael90@example.net,22901.589999999997,2024-02-01 02:25:01,1
87177fcf-6835-4805-b2c3-6ac5d73f10cb,0x4b7f8fd5e0a447b42d45f5890cf964fed4caea3f,Jacqueline Hines,alyssasanders@example.net,14154.48,2024-03-20 17:50:47,1
e338accd-db21-40e4-8984-ec4c6781632c,0xabb0c70c9ddc97d7a0a73294d8957825921f520c,Noah Porter,hmcintyre@example.com,22427.59,2024-09-29 11:27:44,1
7d07eafb-e604-45e2-b099-1c2abded5bde,0x22406a673e0a4fa6110750580b7d145ff8ec36b1,Zachary Mitchell,igonzalez@example.org,9531.68,2024-05-27 01:36:46,1
56369fe4-2d76-4cea-a6e9-883f01b290d5,0x9a1bea41910885b9ed97eedc4a0171059b093b4a,Yolanda Cochran,elizabeth18@example.net,26944.44,2024-03-25 06:38:32,1
a13c7e78-1ec9-4904-9fca-98a71a221c41,0xa0423498357c789a14f02c89ec20ab82d928d8c3,Michelle Ho,laurahicks@example.org,16798.88,2024-02-19 13:32:33,1
fd1ea73a-c5ce-49e2-9488-5282cd63bad3,0x002d519f44238c5132b4012b02b65cb0c00b4beb,Johnny Ward,tanner82@example.net,22225.79,2024-11-10 22:02:38,1
c19b4c3c-4d43-4a6f-b6c6-c0d89db776a8,0x6e1618cd5d18b0eafdca4a6edeed0610e2149e9c,Zachary Higgins,khammond@example.org,20101.78,2024-01-21 04:23:59,1
085af470-aaf6-4669-a024-0bb5bbfa8c20,0x357fc2b5dbf6fc8bfd59dfffdec4042755dbbb78,Joanna Frazier,david89@example.org,4764.13,2024-09-26 16:30:47,1
b941e937-189c-4c0e-98ff-59864bd768c5,0x9af3493ef13a58f8134e34488c828bce7e2833e7,Thomas Brown,holmeskevin@example.org,29248.449999999997,2024-04-06 19:41:09,1
17beecfe-1ec5-4916-8efe-29a688429080,0x4fc85caec2c596b9104d4a3f6613b2f5d433d4fd,Travis Stone,meghan43@example.net,2256.1,2024-07-04 10:29:01,1
d527d695-dfd0-4a18-95e8-389acfcce18a,0xcbc76f1468ed01edd05bdc3e6453ffd28acb1c48,Lisa Davis,brittanycarpenter@example.org,8740.949999999999,2024-08-15 08:06:18,1
0af52a6c-b927-46c3-a28c-6c05116f9a74,0x2c2fe3a8ccb142d2bb2d78a81d6bba82cbdd2d06,Gail Bradshaw,bryananthony@example.org,0.0,2024-08-08 15:03:06,1
59d34a69-b10d-41c4-935c-eb68e7c69a2f,0x81c058348e4538bcfd4df987d495c2815092ae39,Daniel Armstrong,jimenezcourtney@example.com,13383.25,2024-08-08 19:16:45,1
36e175ab-4482-4615-8a31-7e6a8d1a254c,0x9015ce6032c614883aec33d6fa01c0192d22420c,Dr. Michael Evans,barkereric@example.com,10078.019999999999,2024-06-08 13:49:02,1
d5f30c25-0f19-4c00-970e-a69586046083,0x881a9f26b803878fb26696dcf1d7ced3f9c81226,Charles Hensley,jessica56@example.org,35206.07,2024-09-23 22:10:52,1
94453681-dc16-4713-b784-d67fb9fc59aa,0xf27d5a1226a3c4d58317dd23f905ec0e36007ff8,Emma Owens,shannon21@example.org,12605.970000000001,2024-03-25 05:14:29,1
2f932201-ab3a-41f9-8f4c-5bd7ffe4f01c,0xc5b21ad8142efd7889eb167797515f376b8f8536,Jennifer Estes,lisapeck@example.net,39068.25,2024-04-02 22:59:02,1
552585f0-00f2-4d82-a4e3-812572b252c8,0xfa6bce53b3d30db6a0382fc13d72ffa77ee5f7a7,Zachary Owens,tyler16@example.net,15731.53,2024-05-29 01:58:05,1
72c4af5a-0738-41a8-99f3-fcedeca8f877,0xa4962fcca3a2a8563c51f54ab532349dc7daecf7,Harry Williams,pharper@example.net,8267.5,2024-06-03 06:27:25,1
b6f02753-d6ad-4263-96a0-d2dd9f2064d2,0x67051f3e1212733a5b3ea54d3e4c50adca7b88c1,Brian Anderson,jessica65@example.org,0.0,2024-05-07 01:57:39,1
1cd5a4ab-9745-49a9-b037-4753a13f998a,0x4525cfe8a5edaa3c59441f8ed77756aa8443b8db,Heidi Roberts,wgordon@example.net,7324.129999999999,2024-03-21 03:27:19,1
66cd681d-0bd1-4e3f-8b61-4d77aa5b74b0,0x3ac6391c582379d84e6396d532f4d922bd3e8f46,Lisa Anderson,longlaura@example.com,5882.450000000001,2024-07-07 03:38:21,1
9e00dfa6-be14-46f9-b784-2ba422c0f0b6,0xa1710cef0ad18ec6cf747c6aa63c0ab27fcc2bf8,Christina Hicks,williamsderrick@example.com,26055.58,2024-10-10 17:46:28,1
d615981d-7d92-4795-9592-27480f42c5a8,0xe40f964240bc02158b0578c536b263d57b4aae44,Larry Robertson,sarah52@example.com,43991.54,2024-07-29 22:28:14,1
7aa93fdb-2185-4323-a20a-5e7b2644b2d4,0x322d2b62d537cdaca7bee491d79e3ea40a5f0300,George Clayton,terickson@example.com,29777.5,2024-10-15 07:35:59,1
6f62b270-8846-4380-9aeb-6e80188a0b4b,0x2fa6a4b86a0e91b278b66d6af8ad5281bf05d9e3,Brian Butler,laura09@example.com,18167.559999999998,2024-03-15 15:11:33,1
4a70f5cd-b668-4991-8446-975524c480fb,0x8f04346ca2fba3ef7784b5469d3a305b683b1b41,Paula Lane,silvageorge@example.net,4145.7,2024-09-08 14:10:51,1
8976e151-839f-430d-b554-edc2303d1f59,0xab4720270e0e7b6f48fdcd5e1f9f7f9db8afff10,Brittany Becker,armstrongjackie@example.org,33376.369999999995,2023-12-10 20:46:43,1
3ccbb28b-17c3-49f9-b2fa-9ae62c96820c,0x7143dd27ed7ea907b943ba7c7d5eede0dd963522,Jason Harris,vsalas@example.net,22059.48,2023-12-27 16:46:24,1
147568fe-8b2b-4c0b-8c7a-ea28b387413d,0x1903c607c0d59b4dc17782cc6279dd018371d81a,Kristina Bolton,ufox@example.org,17119.59,2024-05-30 00:38:39,1
f5fe2aa6-a5b4-4ba1-9464-33b12b7916b1,0x5ee0025d9f07cb30d56cfebf07d17b055294fb6a,Hector Ingram,chelsea33@example.com,11285.63,2024-07-07 06:00:51,1
56d385cf-d3e8-4399-afeb-c045dfaebe4e,0xca1443b29e1d56f533b7aa17a98c572b0c6ce5f9,Vickie Wise,hannahburns@example.com,0.0,2024-04-16 23:21:03,1
93f3453a-40b5-4a7d-9d65-e622eef8aade,0x1dc6720f3d7df9c0288937484bd33e3fddf418f1,Mikayla Roberts,zhuang@example.com,619.72,2024-09-28 17:45:05,1
29b35088-ee2a-4847-8eba-94f2abdede61,0x78b1038195c137621ab0ae28a27c0a687c94b293,Dwayne Klein,sandra47@example.org,8303.96,2024-02-19 23:40:48,1
d6195420-8e11-4e18-9d31-023f49957b39,0xd84e6271a8aa4e51df41c2a69972d2e2ec592438,Justin Nelson,gilbertbrenda@example.org,24926.62,2023-12-23 05:26:16,1
62eab596-3639-450d-a7f5-2bbf9dca8b2d,0x1f3ad977d15f55295968c1f53ec82954d1ed7570,Margaret Williams,erivera@example.org,18871.7,2024-08-24 01:26:21,1
40c211b7-fcc4-4a13-9c7a-4300ea4025c6,0x73467116ba1863c412f81b41ba70d9fed3e52c0e,Joshua Hickman,edelgado@example.com,0.0,2024-08-12 03:43:47,1
9ae693e7-43b1-4799-9654-68289cd5744f,0xd12deeba6b14560c72cd28de6fb375b5e1fcb527,Erica Brewer,pearsonjesse@example.net,8954.83,2024-09-09 08:12:53,1
5d46db5e-9d98-41cb-9b69-4ea31346039f,0x201f0bf996e3ac16153661e22a84fd0dd6e2c6a8,Thomas Butler,sarahjohnson@example.com,6278.58,2024-10-04 12:35:42,1
5d749197-9cb5-45bf-93eb-9ae1e4e8fb5c,0x360c8a81357eb949a620f1aa2aba34194508f212,Tonya Howe,smithashley@example.org,8515.46,2024-11-28 02:05:45,1
9651cca4-f3aa-4876-b9f9-5e673668e65d,0xdab7e205f32580cc379d33ddf7d64f89788d3998,William Daniels,ismall@example.net,33060.77,2024-06-02 06:32:22,1
5c563272-de0a-441c-88eb-0eb629c7c081,0x8e2967aaa7d408d24c5c66cb1e131a61f950a717,Erin Simon,jennifer05@example.com,5650.53,2024-07-11 00:22:27,1
7110d8a8-9cfb-41a0-9bd3-c8a529d8d9bb,0x617261485d67ffc1ba1bfe0bbe6fd0fb451c2f42,Levi Fowler,gwilcox@example.com,15136.619999999999,2024-01-06 04:43:27,1
870c35f3-2daf-4bfe-b04f-74ce3bdfa737,0xd881043311ef3b6db037d6656cd033f7e89d49a6,William Woods,adamreyes@example.com,13643.720000000001,2024-09-21 05:47:27,1
655f5a91-71fd-4164-9382-2c6ea005276d,0x5f32ccde2f3e59dd9ae48b6ef4b25dd404173d49,Kevin Berry,desiree30@example.net,0.0,2024-01-18 10:12:18,1
9584eb40-bcb6-4db4-92de-fd810b060d5c,0xe156e2f28ca9ee7e57628963921e13531002c1b6,Michael Leblanc,hannah45@example.net,3731.67,2024-02-27 06:44:01,1
b6247e35-54bd-4a1a-8aa2-784cad9c396f,0x1d02b3f75b711a888a9156f38088ea0023ef2192,Christian Adkins,robert87@example.net,3506.69,2024-10-09 23:24:17,1
1b8b613a-1010-4538-bab7-16b667058f49,0x2a91aee1605a314480f0a8801f2060421009e174,David Fischer,foxallison@example.com,13494.329999999998,2024-01-02 20:14:23,1
b265c0de-30da-4f5d-aa1e-bb69ae715fa3,0xf559bbe467605eb973b26a88939deb6b3d0fd7c7,Ronald Leach,ashleyhernandez@example.com,7904.65,2024-10-30 08:39:23,1
49eb4f68-1d1c-485c-b626-edbf5a6d7453,0x5a5e4ba0ce3efe06d8b7442f028ecd41b2b6a941,Daniel Aguilar,nolansean@example.org,14609.560000000001,2024-05-27 14:33:54,1
fb24004c-e24e-41df-a323-110b035867e8,0x93df50127ef03c47025a08bcf12db7e03c0eee30,Justin Hansen,jennifer64@example.org,3093.49,2024-09-18 03:40:16,1
1b8b5f4d-8d34-49bb-9089-19b42554aec6,0xc10efa91bd559f6b03bd49f3347c0f14edec6922,Jeff Graves,michaelcesar@example.com,19579.74,2023-12-15 20:03:36,1
519a77a3-1a16-4a17-a352-031c03f7f7fe,0x0926c46fe0de7e0a77a747a4862a1cd1693399a7,Chad May,ybrooks@example.com,57892.16,2024-11-05 05:43:05,1
1ef666d7-3071-4609-bfa7-05c360429f12,0xfcf740f3b1c37e5474953775257b275474ea0d31,Bobby Brandt,desireebailey@example.org,4113.04,2024-06-29 03:52:54,1
253eb61f-d280-4ca2-acaf-b15406a0ca58,0x86cdb297c829cdbdab4435fde6d4c55e2d489774,William Davenport,goodsteven@example.net,9107.15,2024-07-01 22:52:05,1
dc405236-81b5-43b1-8432-29dfe35b1c5e,0xdfae70b2ee387a4e0848608b9cc4959888f1f10a,David Murray,joshuapineda@example.net,9193.310000000001,2024-09-25 19:09:10,1
1d612a61-8aae-40f2-b0ca-50dab4ef49d6,0xb019e0809b047598710120e77b9fe126603060b4,Jennifer Miranda,allencarlos@example.net,0.0,2023-12-16 13:13:23,1
c330c519-a59f-4607-bba8-002b69f35009,0x5ec6dade7c65d961cbd7be50d9dca40305888cd5,Shelby Sanchez,moralesjimmy@example.org,46809.64,2024-09-21 11:39:14,1
e74e3974-c3e8-4f61-9b25-800bc4d2aec2,0xd55fa574f505ea1aa2198ea43714823cd9a387df,Jonathan Roberts,barbara53@example.com,19069.03,2024-11-07 19:35:21,1
085e1f71-a100-45cc-8150-d9770752133b,0x661fe736f134ab577ba17863a01c5e85a2a44bf9,Connie Turner,hawkinsbrittany@example.net,1550.59,2024-11-21 12:47:21,1
f882b2a5-f5d5-4e38-9429-082874d219e9,0x8799b65f8e9924cc04720f94bdf3d87c86e3bd7c,Kristi Williams,shelly68@example.com,0.0,2024-08-29 22:20:04,1
1e2b3521-e8d2-4f86-a97e-831a9451d2f1,0xc8f8ef224bac135d1d355aa3707893cedb15e9ed,James Webster,oallen@example.com,58164.03,2024-10-31 13:08:00,1
624e797b-d05a-4e59-bf2f-03edfc6d4169,0x92967cf5e1601e074c194a6a58e12cec00831e65,Suzanne Hart,igrant@example.com,38814.43,2024-03-06 19:52:30,1
524f888e-b4c6-4626-a2d7-bb6824ee71c3,0x964a32bbbd4b165dda01df9ad10e65f7839a6420,Bob Cole,christopher30@example.com,3906.28,2024-04-27 23:43:48,1
d4be42ea-9088-4aae-bc44-fc75fc36eba1,0x45a520762fd85bab03e264d6921a977b4a3ee547,Shelly Lopez,timothybooth@example.com,9097.75,2024-03-30 06:11:12,1
ccd0a7d6-0e63-4796-8857-863fa7e2071e,0xac2ce693a82ba9b782091112106f913d85454ba4,Timothy Hayden,burgesskaren@example.org,21858.73,2024-08-29 15:58:35,1
ef8bd239-1bdd-4641-8d0f-3c7944afa174,0x6015ff48d6a5a8f9a96402d05903f08709154ccb,Thomas Arnold,oscar85@example.com,40681.240000000005,2024-03-14 02:12:02,1
81977707-cf36-4af5-af88-62e589fe2df1,0x25803b2bc6afac8e7922b8896078e13852259b3f,Julie Lang,ugill@example.org,5218.26,2024-04-25 11:29:24,1
53ed0b5f-2536-4e67-bd0a-5899fb8d303f,0x084335e96a0fc4eadebd2178de94fcc187111a16,Sean Figueroa,greensarah@example.net,9937.81,2024-09-08 03:16:02,1
f8f7783f-8a55-4627-aad3-edae7a9a1f34,0x8c2503e29ccd8dfd96ecd48ce44c9f54c7b8cab4,Gary James,victorpena@example.net,8297.28,2024-04-12 14:35:48,1
9f0c6389-7e3f-4822-bed7-17a5ddb54e48,0x87981ca7de92eb5894b0477ff46b42b5aa979655,Tracy May,umurray@example.com,1229.07,2024-02-07 05:56:25,1
c4cca162-76c4-4d82-b88f-010bb68c2bf3,0x8a136ed79908843040904504068d2cf6fdfd849b,Catherine Preston,warrenmary@example.org,16074.29,2024-10-16 04:32:39,1
f192f555-21db-4402-8997-27a240385f26,0xf8c9b03edb351e71e1b1ab4b237bf2cde94da6fb,Jennifer Kirby,carloshernandez@example.org,2567.23,2024-06-16 22:02:31,1
879ef218-7f43-40d3-af57-cca26c5729c1,0x75520c62295cf6c39f1b5c85e4c51aa73d5ce606,Mark Peck,bhopkins@example.org,48110.49,2024-06-27 04:50:58,1
a4f1ddab-3b53-48e9-bb63-fce7652ed0b4,0xc60fbc73cf565cc86950d674e4c06304fbd56c9a,Joseph Hill,andre62@example.org,42688.3,2024-11-24 01:06:18,1
e2167ee8-e3f4-4c88-a459-5d330231875c,0x7224441bd6406b85f6f515d8c1cd1605535ec646,Corey Fox,joseph61@example.com,5950.54,2024-05-09 04:43:10,1
5df96153-acfc-4f7f-bacf-3d1be84d7859,0x283604356ff0cd7f0f1df082dcc067dc7bb27b1d,Michael Evans,valdezmichele@example.org,1988.87,2024-01-08 19:45:27,1
7d96214a-96bf-40e9-8425-948942d9ef1f,0xdf2f8fe13fb04c96711e502c01e97e8abe9bb424,John Walsh,christopherbruce@example.net,16014.580000000002,2024-10-03 03:11:12,1
790da0ab-f7e3-4739-b36f-c95505ef08b1,0x9bb497e22636a7fea39ee4cd13240fff61325b05,Valerie Jacobson,hallrachel@example.net,5650.16,2024-11-12 04:52:31,1
d5289213-887e-45d3-bf6a-1bc267f7979f,0xa1932897e39744425a1e39b8b9c0dbcfda6b4f9b,Thomas Cohen,rachel90@example.org,0.0,2024-11-28 04:59:58,1
92316801-16e2-4124-8682-14c41a67a3b1,0x3b95e053c28260119785c7b7679838043adb6b03,Daniel Thomas,thickman@example.org,26824.1,2024-07-09 12:44:28,1
867f5deb-06c4-4f59-b546-9a6ba83fd576,0x37c9972ce8148a85ba27e72a62efc199518cca83,Jasmine Mosley,patrick21@example.net,19765.88,2024-09-18 00:25:42,1
28ccaa08-fbb0-4707-a023-8f5e9c95031b,0xe261d6b812abfba9c4969086bf9c66d1be2bd4a6,Jeffrey Roberson,cassie99@example.com,2991.58,2024-09-28 22:19:26,1
3c17ad25-71e9-4acd-91ec-12e345f4609c,0xbb346a7730c60204918398f03f8c55fb7f4a40c7,Rachel Hayes,michaelpugh@example.com,38918.07,2024-02-13 15:28:18,1
035a1d47-87e2-4fa0-ac07-2000ae5bb647,0x695ec3ed06961251cfd4f39b2e2576542628cca6,Angelica Montgomery,jennifermiller@example.org,15796.57,2024-04-29 02:07:34,1
19f260e9-d11b-48de-be50-0b15232da982,0xcfb31e33c9c64807df984e52e7bdc0146e9a546e,Nancy Stewart,davissherry@example.com,13871.76,2024-04-21 06:56:38,1
2825ee8a-08b5-47d2-99b5-dc0d1188edfb,0x1331a070edc0d2b25e15504a193c6541df612280,Brandon Jordan,fgarcia@example.com,59474.02999999999,2024-07-05 17:58:21,1
d8980fe7-6747-444d-b4a9-72345a7801b5,0x6a72a1ceddf304b1ba29d81e31d707ffbac6c86d,Erika Cruz,robert18@example.org,17543.79,2024-07-12 15:19:38,1
99a7bfce-b684-4d5f-b5ad-6fd3a7582777,0x143dcb9056ae210d0f14778a03ffeed87ea58543,Caroline Adams,trevor12@example.com,0.0,2024-03-19 16:25:14,1
061a5649-c159-4cf6-ba07-6b1cbb23815f,0x3d4629e63507fb37dda1ec6f75cbb1dc68b245cb,Mr. David Wright,mwheeler@example.com,7926.95,2024-01-14 01:19:28,1
11ca0d00-71c8-4140-8214-02b4b2f880f8,0xc290e827db4db3da266324d9fa1727b7a059e24d,James Skinner,vbrock@example.com,29213.57,2024-04-11 12:14:14,1
6bac5ea6-0f04-4897-a0a7-6f562e09b20b,0xe8fb86e82425719a03be05dacbd54e031c9beeee,Marilyn Wheeler,malik37@example.com,0.0,2024-02-10 11:58:08,1
c9c38137-bc8a-4974-94e2-78f0da88c042,0x3a5c051f58d257d0dfdd2eafcff9aa025a029f21,Doris Neal,yfaulkner@example.org,9726.78,2024-04-08 01:44:58,1
dedbfc30-9793-4470-9f6b-299689e4c6d1,0x01a70c150d5bad4321ac76d90187511a4c896b42,Jenna Wilson,brittanygardner@example.net,0.0,2024-09-26 14:59:13,1
5ed02675-0a48-43ad-940e-7f66ef15fc99,0xe0f416138386bd9703b8a5a45857d600cf117116,Julia Erickson,ssalinas@example.org,26951.48,2024-10-16 13:34:55,1
f32cb5b7-dfb3-4bc1-beb1-de6ad679cca5,0x72837c90b718494ec08a59c3e5f2ada78c715bd4,Megan Taylor,john26@example.com,10913.16,2024-01-01 05:40:29,1
450fa48b-6c8d-426a-ab09-4aea449c31cd,0xec371fe66cff6b137ea188c3fe1a045ee3fd4811,Lauren Ferguson,ystephens@example.com,25059.72,2024-08-31 23:58:30,1
55057df0-696f-4d2b-8ec5-24e2dbe3d347,0x0c9aeb454ee6b2b38ef136fb1facd4c7ab86e0a3,Margaret Miller,dianekelly@example.net,34795.43,2024-07-28 10:50:30,1
7a98c415-89e9-48e1-aaa7-b10491ba1cb6,0x9506723fb8ca4e467b104d3e65f985c31467ee05,Miss Jennifer Goodwin,grodriguez@example.com,8007.37,2024-02-27 17:28:11,1
cb43fb5f-8bfc-41f8-850c-f2df638e100b,0x4c59c92b9d472d7fb385bd3dd48105c378a9180f,Lauren Johnston,dbrooks@example.net,79622.15,2024-07-19 02:19:32,1
78ee99ed-b623-4ba0-a702-aebb67282845,0xe5b4755d19bf363c3e935cf7912eea5c64b224d1,Zachary Webb,robert11@example.net,11846.869999999999,2024-01-27 12:46:41,1
fb55229d-5f9e-4f1c-bb59-1adb4110b187,0x5c555c5a8b7527eb7d6e6f9284e21f23ec87a8fc,Richard Boyd,thomas77@example.com,4296.28,2023-12-29 14:22:47,1
1949243b-9160-4539-a3f4-88426226f04e,0x54621f5e0240f96c7232c6e6d05bc2ee4ead4ddd,Ashley Sweeney,byrdfrank@example.net,4332.91,2024-03-07 05:42:11,1
4778cd2f-52f8-415b-b16d-55e46db51880,0x639546d13378eb1b585147cf1dfb2832e9e7d53d,Erin Simmons,zhall@example.net,0.0,2024-02-13 03:29:05,1
5a9ad28d-e2c7-4812-a460-90dff3417ec4,0xabde84f21e507ebcaa8d0aa4e88dacbbfc40284f,Jennifer Mclaughlin,shannonjordan@example.org,18212.6,2024-09-02 04:52:54,1
d673889c-1482-4bf2-a63a-a951918222c7,0x39e58e660904a50b5c13f15196ba64ef4c34aab7,Michael Flynn,lloydamanda@example.com,101713.16,2024-04-08 02:40:09,1
c2a52dfc-4bdc-4f1c-9df5-882fac3fd722,0x15fdae611e0bf8cf3b11a5dcd63041da37fdf0d0,Michael Burns,candice96@example.net,15001.859999999999,2024-01-16 20:59:23,1
15f188f3-57b2-432a-91d4-c90b3c7c26d3,0xddc11614f6de872b321b8509da6bb769051078f0,Lisa Cervantes,samantha91@example.net,0.0,2024-01-24 12:45:12,1
15890fb5-162a-4712-a762-1b475c67049c,0x015452faca8f40bb6a60e1cf495bea7ec4a17f42,Bruce Brooks,williambarnes@example.org,23439.730000000003,2024-07-13 17:51:01,1
8a5fdfce-c348-420d-b8d0-7cb0d2f3ff82,0x98ad4afb2a932ddf8215b0abb1bb14d0524b6c0b,Mark Steele,angelaburns@example.org,20944.68,2024-02-14 04:09:17,1
00ca5dd6-7cac-4d24-8851-26100b08dbf2,0x0e256b4106941c9c827f0cd9de28b3b10a533fae,Anthony Howard,washingtonjames@example.com,0.0,2024-07-08 14:35:38,1
528db660-fa9a-4597-9ab0-15990f04fc7f,0x612ee620539a4120550352174613bb2d4725eaba,Michael Perry PhD,kjackson@example.org,24833.61,2024-10-07 14:25:02,1
07a62e79-bf30-46c3-aea7-6078e76206de,0x17b7442f101c839df6b5e69fee9873ce92b818cc,Donald Medina,kimberlycunningham@example.com,16748.05,2024-07-04 00:05:20,1
d347f3e5-988c-45ea-894b-945604b23f37,0x4f1c71c2e9b522c7c734e997dc7979132e490e9c,Debra Daniels,amber07@example.net,4090.12,2024-02-26 09:13:41,1
c31678fd-70a6-4329-b47f-3c9ce6302f30,0x489b4b7c027aec37c585a1b5f5be6b259cd2f485,Ronald Potter,nancy07@example.com,35013.92,2024-04-16 21:14:33,1
73ed9b2e-88f1-4839-a76e-7c2e63db16cf,0xca2c6749cee9ac897c654a8fb96f9b649317d0b8,Sean Wilson,jasonrojas@example.net,3134.37,2024-04-17 16:23:09,1
26d3d927-5f98-4de3-80a9-45e3060bde1f,0x8eb43f896970e195dbdbf95f26cfa0f40bae8a0f,Jessica Jensen,lisatrujillo@example.net,3953.06,2024-04-17 18:06:25,1
35336ea6-3fae-4d74-a6d2-05f37d17090e,0xf17d4f474aa3c0335f3df389d0961cf909cd24ca,Caroline Werner,keith48@example.net,11285.82,2024-10-15 02:18:23,1
60d3cf28-bae3-4239-8a9a-5b0cc921e2a4,0x390805bf1a44b48effa026895d40dd6720d70668,Rachel Sellers,michelle22@example.org,5643.71,2024-01-29 07:21:26,1
2b284d3b-b890-46b7-8c64-6aa554a4944b,0x0dd85a88f466790b114996ac9ddb0d10196bf49e,Pam Lowe,othomas@example.com,18128.65,2024-08-03 07:54:33,1
ba5b8d20-1154-4634-aef7-3b04c2c22641,0x2ff796725f9295434524e3169bc3e0ae315a380c,Mark Beard,powellkara@example.net,5473.94,2024-12-01 03:33:17,1
61c8eeee-ee09-4553-9125-b75647c965c3,0xfced5203868ee320cc378b0412ddf6ca6d7f7b00,John Perkins,simonstephen@example.net,32496.64,2024-08-30 07:28:26,1
ab33f4f7-45f8-4094-85ea-7247cb7996ca,0xb9d1b71151876682164ed961a67a16aa2b442f26,Joseph Robinson,fsummers@example.com,3171.48,2024-04-06 21:35:27,1
94467883-e522-48ac-b7a8-5f66da827eda,0x4e78b071cafde47cf167f3554a3e16f698857698,Kenneth Knight,rkramer@example.org,6466.89,2023-12-21 08:29:19,1
fb58f9b1-55d8-46df-b9b3-5c9c309283ca,0x90890a70f10c3e2ff01a011ac4b7c36859431083,Julia Martinez,scottsmith@example.com,2428.73,2024-02-20 02:00:43,1
9e4c8819-3254-4358-9936-5e35a612bc16,0x28755d42b5268547b20dfa677cf8d98f884380cc,Sonia Turner,clarence54@example.org,18991.11,2024-04-25 22:06:17,1
d889a440-473e-4818-80c8-e840345a5cfa,0x43f59fabdb795e4e51a565e9f6b960162c205930,Amber Garrett,rubendavis@example.org,469.04,2023-12-03 22:23:41,1
8f4389db-0abf-4a01-a919-075ead8adfe7,0x43bc2dc8add473e1a7e32a5dfb6c2408a9033844,Kevin Stone,ssmith@example.com,4044.54,2024-10-15 20:16:40,1
ab138a7b-1660-4d44-a204-24cc8e03eb29,0x977f1d0debd754f016cf85362aa145a8ae0c94ca,Melissa Woods,patrickcross@example.org,271.2,2024-01-12 14:10:39,1
22492c08-a227-4402-a5fe-7723723d3354,0x1c4bde72a461535ac5d3d7c30e4f7da2665a4bc4,Breanna Ayala,darlenebyrd@example.org,19031.19,2024-06-26 12:57:54,1
2f08a417-8f5e-495c-a67d-5fc1a04aad80,0x89b5833ff22b4618529e54dcbd90b0f0b2e91764,Carly Bell,courtneyhernandez@example.com,45812.689999999995,2024-07-29 18:30:51,1
bad3671c-d2d7-492d-8b41-3fde6f74d568,0x17d9c160bb5c98a9f5dfbb0fa2e51c41dce1e3da,Angelica Garcia,lawrencepatrick@example.com,38777.770000000004,2024-04-03 15:39:22,1
310ac7ed-52c7-4cd8-b40b-0777f17ae599,0x4ab15e502d6f777b921167c036d3bde2ef291c95,Matthew Wright,kimberly04@example.org,7318.42,2024-06-21 14:02:28,1
2c332936-d175-4d20-a83e-8a9f4eb4dbdb,0x5036e5e8052bcaff48968c2111aa0d8035b78eb1,James Lucas,troyrodriguez@example.com,42126.16,2024-08-07 07:37:41,1
2a4bfc7e-b611-4245-86cc-287408ca7025,0x19ff11dc210ecf753696798a9fb8cb6aa03362c6,Vanessa Hatfield,david96@example.com,65694.69,2024-07-02 16:40:43,1
963b1033-1043-4750-9c8e-d99740097edd,0xcd5bf34ddfbda99a2af9454d3a6474cc86a576d4,Tiffany Townsend,matthewsalexander@example.org,20703.35,2023-12-18 23:28:58,1
4dbe077a-b279-4c89-8362-ec88782a8b0d,0xea53867bd5de7d9f0b52c6c700b4fa8ec4e46a44,Jennifer Mitchell,zhenderson@example.org,7427.16,2024-08-08 06:30:35,1
79ce6c7e-a872-4e47-9802-aaccaf30c7ee,0x6cb87b32ceb384927440f7f5b3571aeb8d7a6d00,Diamond Collins,terrimoore@example.com,485.43,2024-05-03 06:09:04,1
6cfe9789-06c5-4109-9f29-73cd235b7148,0xc930b3c15a9040e1d2343fd0b26cc85e6f7ad583,Marie Day,holly30@example.org,42676.759999999995,2024-01-05 23:49:52,1
cf7eddb4-b193-4a85-861a-254d7c5c6e69,0xdd34c2c2a71ca6e3df40f846529c9cb151acabff,Logan Brown,davidzimmerman@example.net,3469.34,2023-12-07 22:03:54,1
7842bc6e-5cc5-4c15-8b71-36ccb06c753a,0x804329253acf276505ca30afd58909d7bf4eb3bf,Kelly Logan,gary24@example.net,6382.84,2024-11-11 18:15:14,1
032aad93-fbf3-430d-af55-ceb0d94607f2,0x32371c3f9def9feb3e8619ed770224754847676b,Frances Patterson,bakertheresa@example.net,31067.940000000002,2024-01-02 10:36:52,1
bc405e12-3056-44ed-8458-a2467d8acff9,0x0b4296e895011e92992bdf78bb44f7d86c6af195,Amy Villarreal,michaelscott@example.org,16657.550000000003,2024-11-14 19:27:19,1
b573f099-4320-47d7-b16e-21b0a3b03090,0xe3ed38919e74402af7842e53947ffa8d8ec4d31d,Crystal Hicks,trevinoalexander@example.org,900.26,2024-06-03 17:26:03,1
a54b3f69-8e16-4d91-9cc5-e6f96d4f4da3,0x162903c7283b9e45205aab82de8c3750358ea219,Cassidy Horne,tranrobin@example.net,7538.77,2024-08-14 03:52:02,1
fdc6034b-0e43-4edd-8b0e-fccc1ef14257,0xb3550080d5b42ab5824d7b545cafbbaa8e8b22ac,Jason Cortez,margaret95@example.org,0.0,2024-06-15 11:37:49,1
8920571c-d6a2-41d6-bd89-cb983678394f,0xd07f40d4c2c9bc922da5bd289abb0bb677d45317,Daniel Black,finleycasey@example.com,0.0,2024-11-03 20:16:30,1
02dcd702-e6da-44e8-a789-d4d79a31908a,0xffdf6d4e16f835e7238f3545a0a32b0531a38873,Erin Tran,woodkelly@example.com,1197.88,2024-09-15 17:37:03,1
df18baaa-29e8-46cf-9db4-5d8462b55852,0x3f96f69786fb36fb053e59a1e7ca6a6360901f8b,Kevin Snyder,jessicapayne@example.org,11732.49,2024-01-30 23:39:00,1
4c21e793-7311-471e-b251-6d48a28b3549,0x45947e2b9ebf87927f7d617f8ccbf1116960f5b2,David Reed,tapiaaaron@example.net,26007.71,2024-04-27 15:24:19,1
4dd085d7-de8d-41c1-bb63-ef818ee6789f,0xe052afde00fe5f22d0985a39230fc1d3a872a7e2,Ashley Moreno,robertwoodward@example.org,3685.21,2024-09-04 21:21:05,1
4cf3c6ab-8f41-4be3-918e-e3155203a780,0xa3400f4541d0e9dc49c03d2d577b515869c7f35f,David Bruce,xhaynes@example.com,14926.380000000001,2024-09-18 23:11:50,1
42fa1d9b-4036-4b1b-b0d4-2d0c1881fcd7,0xd4d1e8db0bc8a724764cc038cfb408c67cadc568,Casey Wilkins,vargasbryan@example.net,0.0,2024-01-23 06:33:33,1
5735047b-c7fb-409b-9950-16e1c937abaa,0x45aca49da3b0fe1b8e46b32ff6344b6ec93d75ac,Ethan Owen,louis43@example.org,29022.25,2024-02-20 05:41:18,1
fb43be75-459b-4e1d-b016-de698d46c23f,0x6f45d8f65707b81a5b3e99ef313120d55914eda7,Ashley Garcia,aowens@example.org,31258.64,2024-06-28 15:26:54,1
4f6a8012-9a2b-47e8-8594-46b9dc1b2dbb,0xd66b425696ba47a7e1d011ed4361e5e03e59f277,Jodi Ford,davislindsey@example.com,9470.25,2024-10-19 10:45:06,1
596f01ce-0c6d-4380-858d-a02f991a7514,0xdf245d48be16890afcb113faf45f21ff4bfe1e54,Cindy Gates,christopherwright@example.com,104722.19,2024-05-05 09:32:08,1
cd2c0a01-7704-49d0-b4f5-c21ac669686c,0x60acc8de30cbbcbad2ef448782735cd8da0ad3b3,Debbie Ewing,cranemelissa@example.net,44505.25,2024-09-19 00:51:58,1
242034f2-494f-4d2e-9cd2-69fbec65fd8f,0x65bd10eedcb66391afad39b612beaa0996e53d8d,Brian Leon,smithmaria@example.org,39168.15,2024-01-23 06:37:26,1
63952197-aed2-46d7-9b92-3151721f63b8,0xcd077373bdbd1baf5f8d5e25fa3fcdde36c06bf2,Michael Pace,aguilarjonathan@example.org,13718.829999999998,2023-12-11 23:27:43,1
462beb5e-219e-4ff6-8887-97e8efcfe9bb,0x1766926f5f3b699ff0fe1b8f8f856cfff875282d,Matthew Lamb,steinmaria@example.com,0.0,2024-01-20 02:18:38,1
479a8597-c9be-439f-99f2-957c5872e57b,0x726b232cb3e5afb43e3b79e137aa42b0414af1b8,Christopher Berry,ycrawford@example.net,2093.72,2024-05-17 05:04:00,1
1fb2c2bf-11ce-44a6-aacc-6b4deab0e8a9,0x59e064e9df9ee18a8774b01916681ab232ea6451,Cody Ramirez,austinharvey@example.org,25011.94,2024-08-10 21:20:31,1
a8e0d7c6-154a-47a6-8281-4b463c5df7b0,0x66262db73dcf2e847613c65cc6180c8277cb0659,Juan Brown,patrick63@example.net,30852.3,2024-11-11 01:49:44,1
0aba695a-1fe8-497e-a4b9-b5bf0611baa4,0x5c0da8e91f78dbc3e8451a30682bf603d7ecb0a7,Zachary Stephens,mayokimberly@example.com,29895.71,2024-06-06 19:15:10,1
dbb5c45b-c8c8-4ac6-b5ef-382fe526a6b0,0x140c5a00ebabae375b75757d6e605b6b41b77c5f,Dr. Jonathan Price,anthonyharper@example.org,1800.71,2024-11-15 09:24:10,1
65b88cbc-8026-4171-ab0c-e72feacac53e,0x82e07d81b380bf67e7edb6caa9e8972735c72316,Robert Ruiz,katie32@example.org,0.0,2024-03-08 18:27:54,1
3f464683-80eb-4b54-b18d-b6bbc1b97bb0,0xf86b5f2eb10530b437501fbcd0c9e9abacd81207,Robert Stark,gallagherstacie@example.net,5651.78,2024-10-27 06:16:09,1
4c4f8c31-7fcf-4728-9d31-60a9c649d7d4,0x5892e57449c1ada7acaf264f3e4ff55ea102bf37,Timothy Frey,gregorywatkins@example.net,45154.229999999996,2024-08-30 10:37:15,1
240ab939-cf80-4140-8ec7-c9471f78139e,0x8843988eee1fd37b8e045b7e0ba0b064c833e42c,Michele Bell,annalopez@example.com,0.0,2024-07-01 01:14:15,1
5a3bc282-151f-45f4-b6fc-a8a42f757625,0x9587ff8d8b840063d8e6cb85f964c091df1da9b2,Brandon Hall II,nsmith@example.org,22396.010000000002,2024-10-11 16:53:09,1
0109f75c-1f8b-4d99-839e-35ca3f440122,0xab17af58adaffe7a8d77c39cfe686e6c45f3f4b5,Tamara Richard,brian29@example.net,4144.05,2024-11-23 17:25:07,1
7bdb4372-4bd7-45d7-9881-96b71f97ec6e,0xe4df08ca1ff87494741089cc92800ea83dd2239e,Joseph Diaz,brookssheri@example.com,13545.710000000001,2024-07-18 02:20:28,1
c381d7c3-115d-4eb2-ab36-abb636d86182,0xd853c495040ce7ed94d9a8e9cd2cadf3e231ccc9,Chad Moore,fconner@example.net,3115.99,2024-04-04 17:33:56,1
306c319a-4b11-41d2-8e0f-a37877e7e0bb,0x274e48e0edfa947b8e4f0a3db428e6f4ac71bf56,Melissa Mcfarland,jeffrey92@example.com,22039.68,2024-03-31 16:04:11,1
f1f8d7d1-3289-4386-b2f5-b95737e2eb99,0xcb44ab1a44a370d59146447b7787e786b33fb38a,Christopher Smith,xrosales@example.net,0.0,2023-12-16 02:05:56,1
8cd6b013-71a7-4d0b-9352-feca8086b941,0x8a021a9695b8f133765d32d44bacfa301ef38f8b,Robert Carr,zunigadonald@example.net,20755.59,2024-01-02 17:28:49,1
e969213e-464b-441b-aaf6-f6e74869d5e9,0xa1244ea0810d9c725e38c33d9ac83b238331f266,Mrs. Stacey Davis,sean43@example.org,33118.49,2024-08-28 17:08:21,1
4b02cfa7-c993-46d7-9541-13eb3ddc58c6,0xe8ba400e96df1f8f0b12e10a842b60313b500811,Brian Smith,akim@example.org,3472.84,2024-11-11 00:53:31,1
d74ff2e8-ea69-41f1-8a25-20d94b2bcfb3,0x229af46aca81cd6460d5faac5b84067c03264dc6,Heather Bennett,kkramer@example.net,3612.91,2024-09-22 23:36:43,1
e5e7238b-f87f-41b6-a44d-6d2962e58ac3,0xe566d609a59c96798be336fa6939fb8bc00ecddd,Benjamin Singleton,andrew41@example.org,19760.660000000003,2024-04-14 06:09:12,1
43dcbbde-0bb8-49c1-bdc0-f365ec84f3c8,0x8d4e900e6e3351f09d3697d1a678d889eeb261c1,Nicholas Payne,morgantricia@example.com,2302.13,2024-09-02 02:43:45,1
191f3208-5b3f-442d-b3ba-3c48b17c9e13,0x70b134d763f45b96351a4182806cf33d07853c49,Carmen Preston,brianrivera@example.org,0.0,2024-05-10 11:02:05,1
fcd16000-df76-4483-afdf-b33618163b95,0xe2738e9fb6f1ae115f2c83fee32134045348934f,Monica Baker,kenneth10@example.com,11101.92,2024-07-12 13:33:03,1
33759709-8afd-45a2-a26c-e37e29646123,0x244aed2b7419dd157eaf26e11a8cc8828ff9bec2,Anthony Smith Jr.,bgonzalez@example.org,6861.78,2024-02-07 20:32:29,1
7052292c-6225-4927-9257-a4ef904fa9f1,0xa6c2d55f1f44ef3fa4074061f3ba43b8e34ee830,Kara Wilson,qruiz@example.com,25233.99,2024-01-07 21:43:38,1
5fe0731d-75b8-405c-87ce-34a2373f4515,0xb992a07bb1a0c842cf761c70c5339e22087ef7de,Jacob James,seanbaker@example.com,23868.73,2024-03-14 19:20:36,1
bfc05b8a-bd61-4fcd-900d-3771d1794f15,0xc2f692956b3c77e41b3d855587298b83edbeb1d1,Antonio Goodwin,millermaurice@example.net,13498.6,2024-05-12 06:54:18,1
638213ba-d4dd-4d5e-9eba-caa93ee7e5b9,0xe587656234ce0edde56087091998c6b0c15f4c3e,Kristen Randall,rsheppard@example.com,3337.19,2024-07-12 22:21:14,1
5836d049-f4d1-4c6a-ba60-9d737a324ef0,0x80bb5e0f65bde6b2fe05c0eb0dc48d1d24b4ac09,Blake Orr,shawrachel@example.net,18673.42,2024-08-22 15:21:10,1
f4544d79-4ef4-4375-98d2-427bbddf4e8d,0xa0914682d4334998a9d2437d3a96fb38a54d0cb5,Travis Cole,teresastokes@example.org,0.0,2023-12-20 02:02:17,1
d2204b82-2189-4366-a04c-67c674d2e0a6,0x285fa162df21102ad65515fbae07b539ae3cf44b,Jessica Osborn DDS,luis11@example.com,82099.95999999999,2024-07-06 13:57:36,1
1d0ff99a-342a-43f4-9f74-c1f526c42aa7,0x09fa23bc18abb50685ba1130b6f9c3d7e2cddcd9,Donald Ellis,buchanancindy@example.net,29570.99,2024-10-02 02:06:30,1
bfccf754-dbb4-46e8-a8c8-a484ed3606d7,0xdcdf7d9db31b6f11f1c1d7caf931cd1232e67cdb,Charles Matthews,buckleyanna@example.org,24636.09,2024-10-03 15:57:00,1
a2d9a223-3b24-4165-b4f5-341c609535da,0xd2420c703096f65565c0bfb38cfae370458fc6c2,Hailey Jenkins,kpena@example.net,30363.989999999998,2024-06-04 05:23:02,1
48032223-7dd5-4f9e-af10-a64908cd0830,0x1e25f558f930494692d9e2bb77ee48ac6cb4835a,Charles Franklin,vwilliams@example.net,4881.299999999999,2024-03-04 18:40:10,1
41bb35a6-8621-4af8-81bc-e95195e950b7,0xca55536efdb3e702faa9a317a06542f45de2bcec,Derrick Watson,lisa44@example.com,6445.87,2024-10-25 20:10:09,1
288f0a10-f6ce-4349-a8cc-c3fcb4589d1d,0x91706a9c276d50899c5562e23bef4a16d8f2a253,Annette Melton,kevinmanning@example.com,6014.56,2024-03-17 03:26:46,1
57855a56-0460-461e-a5f2-8f303732cf2c,0x3afe2b5722784058052c1722b86ce3f7d236909c,Ann Alexander,wfigueroa@example.net,9646.3,2024-11-04 07:03:25,1
7a9a21ec-b75a-4407-8ab8-695316d851fd,0x6e7523f6a49b0238e25d8c2a61d2b136e3497b8a,Rick Jones,htaylor@example.net,5322.86,2023-12-14 18:05:11,1
0e491ec4-1d56-478b-a99f-bfd32d5d7552,0x65680b1e9f0dc93b4c6e364aad89fe56cd8f301f,Christina Brown,bryantsamantha@example.net,7708.23,2024-02-18 20:06:27,1
9f7d47a7-bad7-4f4f-b5c8-a210d40dfd06,0x0f554efe4ea664cee334f5a3a3c3092e391b0806,Kathy Reid,maldonadojohn@example.com,19061.92,2024-07-21 05:09:27,1
f7de275d-e63d-46e0-a2da-74b6721f5fe9,0xc21c3b407ec1be21a30abe6b85fdec8fad61377a,Karen Arnold,frank41@example.com,19241.29,2023-12-14 04:07:37,1
7178b43e-db6a-44cd-b714-a9c417b93bd7,0xa1f33d4e007255b1670e15043d473ff1f9a3b669,Kenneth Hanna,deborahbyrd@example.com,25857.93,2024-08-12 13:30:14,1
96865d6e-4953-4f24-8bea-25af5a3e66d9,0xf1741ce3d011c720622f8ac71441cf866906032a,Richard Saunders,wellsdavid@example.org,22299.79,2024-07-23 23:19:08,1
c24ea2c2-28fa-42ed-9ce8-a8ab769a6754,0x16b6fd8e792da3c46f158b87c62ce7f83b8d3a69,Lee Hahn,rodney65@example.com,13045.470000000001,2024-03-10 09:04:05,1
84d37157-e095-48c3-927b-206ce4bdf025,0xb330fab50caeb3913b57e37102bbb222f4362724,Joseph Hanson,smithyvonne@example.com,186.58,2024-07-08 13:25:46,1
236ebdf6-b115-4ef0-9f5a-41d423138e77,0xa7b2154975e8f2c71caf2822b5ae687690453dd2,Elizabeth Rodriguez,rogersjoshua@example.com,0.0,2024-11-02 01:57:13,1
e45ad846-53f6-4dd1-aae9-680572e72bb1,0x6d64fbd2a754002d67fe256b7228cf2bc5c324b6,Tiffany Curtis,edwardcannon@example.org,34486.24,2024-10-11 07:25:12,1
9caf9622-88d4-448c-8dde-bf338df673eb,0xecaaba8a45215224de2f98f666dff81a6b2176f6,Jennifer Flores,jenniferrios@example.com,2782.11,2024-03-13 06:17:53,1
f775b7f1-fc6e-4794-aada-4a404f912eee,0xf66ce2576fa8c985932a739f1e57eee0bcc392ec,Norman Aguilar,matthewreeves@example.net,6926.789999999999,2024-06-28 03:25:49,1
0b28a58c-df22-4afc-866c-751ceae5ac8d,0xc50e8cd665d9f29302f4f0d2fc790582f00c7e55,Todd Howard,megan82@example.com,14801.75,2024-01-10 09:59:47,1
a01fa1ab-48cd-422e-a4be-279801a62642,0x6567a3827766c41c25ee03cf1700b58cafc02970,Molly Hansen,staceylam@example.net,18854.92,2024-01-07 04:36:16,1
d133c017-1203-42c9-a1ac-e808f0a801be,0x2805243f310cbdbf020e1777f418ab877650070f,Seth Fisher,nathan94@example.com,13412.3,2024-10-29 02:09:30,1
5a30f475-b021-43cb-a8f6-5c6c891ef704,0xf6207393611269ca9be3b3ce2e4c54c26700d409,Mark Carpenter,kennedyjames@example.org,21833.640000000003,2024-11-04 09:56:06,1
9876b85f-524b-4594-8e8a-7cdabfbcdf17,0x9bb01489064b71771eabb92e30f4ba6f46b73f9d,Jennifer Pitts,derrickgonzalez@example.com,866.49,2024-07-11 15:29:45,1
630a1d63-e186-4243-90c9-e83a164c846a,0x3ccfa0c4e093714e2cf2064532f9affc15ea2e71,Mrs. Shannon White,freemancrystal@example.org,11267.25,2024-04-03 05:30:03,1
31d2a1f3-1925-499f-a9ff-a79da50b7363,0x69d276dc08b1f2ee814b5f8f47b54405942ab588,Donald Juarez,barbaramoore@example.org,0.0,2024-01-22 18:25:15,1
8e891092-8b65-4680-9df1-b4086dab747b,0x1c7132af25e8ee181d75cd4fc93d37d7607b2526,Jennifer Sanford,ismith@example.org,0.0,2024-09-12 06:30:22,1
6d6503fd-cb42-40bc-be74-f83c59e6dda2,0x004df83269bcba4cbff2b1fb912196aa925f14df,Frank Whitaker,andrewsmith@example.net,12646.27,2024-03-09 03:28:10,1
8e2f11c9-2b84-4170-825e-20de4b631772,0x411385139e10f561b4995b9f3854d463520e9949,Emily Garcia,gary04@example.com,5419.46,2024-05-28 13:48:40,1
308c8ed3-74bc-44ee-b7f3-883029040d6b,0xc46e035e9a097491461bb40b274c3bc6d36204cb,Gail Barron,matthewvalenzuela@example.com,4597.99,2024-09-19 19:51:14,1
243a3d47-2fce-47b0-8432-2270bca9a40e,0x4b95ef871a52c24fd85567a29b97c74e157fd5df,Tamara Powell,jeffreymercer@example.org,13938.32,2024-09-13 14:21:36,1
8ed30b77-78a9-4bc7-bbe0-7e9c4c18c0c9,0x0c1d8c120aa9f9b3c2f7af9ed97dc03e492f268e,Barbara Dawson,brooksdanielle@example.net,3625.64,2024-08-01 12:18:25,1
6e07e2e5-fff9-4a13-b161-19edbe072656,0xb009c28c7f2931d0ffa861b6ed4f2af0ea49cf4e,Mary Valdez MD,butleromar@example.net,33789.56,2024-03-10 15:57:41,1
3b087c83-f5b2-413b-bad1-d59905b9fd1d,0xe13ec7b2b7ce999863ca5fafc4ec87605ceb09d9,Michael Mccoy,robert18@example.com,39329.82,2024-08-01 09:09:57,1
f0002899-bff3-4e47-b582-83894b457b99,0xcb3fa862edb0b8524b4355fb919a033ba8960f3f,Ronald Garcia,campbellkristen@example.com,11900.35,2024-02-18 15:47:27,1
74e3f84a-8072-482b-a261-6934245208f6,0xc1c02ae167f21fbf7c8007143b60b9f111ff86f2,Sandra Dudley,jade42@example.org,15623.31,2024-07-03 09:17:36,1
f3f582ce-a0bc-4f31-8916-69f15ebf6bc5,0xa399964368f1421d509b4c111c6a3cf149cbcfd2,Timothy Rivera,smithchristopher@example.org,16908.88,2024-10-22 21:11:52,1
3d5586ae-c39d-4ddf-82c2-17052412f906,0xaa986bac5cf2bc7d0020c8f9f907f96fe41c2c27,Travis Chan Jr.,conwaydawn@example.com,41177.9,2024-03-27 11:23:48,1
dab7ec33-f3d8-4f1a-bbe4-fb57ae0cdac3,0xb4c1a3ca88c9e924f4120fcde1b979779333da16,Robert Sawyer,michael56@example.net,25510.649999999998,2024-01-17 12:32:46,1
01c1dea8-cdd9-440a-a437-5b8d7469f32d,0xcd36356af5f77fce07bcf4d91bcdc4d56d7ad394,Amber Christian,markkline@example.net,21279.57,2024-03-16 17:05:41,1
68329287-3cef-4826-ba22-beed0b622d5a,0x529ebcce5baa2093ae658ce14ab250c4b030e613,Robert White,dross@example.com,21517.4,2024-10-23 01:38:10,1
a2c798a2-2890-4cc7-89b9-84567d3671dd,0x4dea357ccbfb8c6015a6dfff614f07eca9d7d2f1,Rebecca Banks,danielhorton@example.org,38033.62,2024-10-26 10:10:51,1
fbbb03aa-84f4-4833-a263-e1f19911fe9d,0xbf52338ebcb4ab8071b926eb92a4a511e656383a,Kevin Pham,ywhite@example.com,51985.42,2024-07-27 22:32:36,1
5734236d-ef87-487e-b063-6f0aa7f06a48,0x456aa725af3c64a256ebab395719411fbe6fe832,Sara Mcpherson,timothyfreeman@example.com,0.0,2024-05-22 15:46:43,1
0e4b88a6-0c94-4768-8c97-43941eea00ec,0xe60be72d109f66e7e499b67378d4c5229ef10a7a,Ernest Bush,tiffanysantiago@example.com,0.0,2024-06-22 02:37:46,1
4d663d5b-4d05-45d3-aca2-941923e8a73b,0xbb96e2065e73fa6761dba3b1bb0ccc00d5556503,Anna Stanley,timothyalvarado@example.net,10611.14,2024-04-30 23:34:48,1
c5c94ec7-4cb6-49d7-b229-2b85589d7f77,0x6c86b5335b9ed7a3d781b48c7862dad9603a6fd8,Stephanie Salazar,schneidereric@example.com,132434.96,2024-10-29 08:17:04,1
52f5b51d-51d5-40b9-933a-cfe6711d4108,0xf6816663e517f90cfd3b468452f0b45c6bf252a4,Paul Flores,tara08@example.org,23883.120000000003,2024-07-04 07:15:38,1
d20ac44a-4fe2-439e-ba3d-2fa3ca0cce8d,0x443d89c01abee833ed65e17d026d212bdbaa356b,David Stevens,fmiller@example.com,16096.14,2024-04-04 06:10:37,1
36ab5611-ec4a-43b6-a51b-cbae83f3ce71,0xda0218d200696df8c846a295deeafdb658445026,Matthew Garcia MD,petersenlatoya@example.net,41808.14,2024-08-07 02:33:21,1
0f5f1bdc-1662-48bb-b35a-a5bcf09e0775,0x0f0f05cb67d2d97358713efa9c3b2fd05c3450bd,Christine Powers,michael03@example.com,10306.55,2024-04-10 10:28:44,1
7324b806-9619-4245-aba9-820fe5112e29,0xe099f53abe20c7d865577ea1bda7e7309cd1bed8,Kara Sandoval,wwilson@example.net,0.0,2024-02-27 15:06:10,1
3cd298d2-af9b-4503-a0f2-45cab4164f37,0x0568793a6ac4f55e59262f6ecd4f22941ccf5e90,Mark Marsh,jacqueline02@example.com,10137.179999999998,2024-01-27 01:21:04,1
5853dfec-259a-4fd9-98f2-c129c79d18bf,0x448e6c8e547346f6d48f63916877cd2a8dfa4dae,Jennifer King,jacobconrad@example.com,17074.129999999997,2024-02-25 05:42:35,1
308a6cb4-8e2d-4860-8c75-7a66f43f005e,0xcabdd18a555b2669086570c287b6e5cb39dd871e,Michelle Rodriguez,owilliams@example.net,22844.989999999998,2024-07-19 04:23:14,1
8bfe8369-b3bb-4db2-9877-79e6e935badb,0x5af1a4d544e1a29236d58d73349ee2cf4b56b966,Judith Lawrence,tamarasmith@example.net,48542.14,2023-12-22 08:59:24,1
1de67b56-02d9-4a23-b006-bf6b248141ac,0x7071105f9b57ffab138c10ea7df91d48a2eb0fa5,Kevin Glass,heatherthompson@example.org,3555.15,2024-01-12 17:27:46,1
79875577-49b9-4b37-bd70-a01a48ee77a2,0x52d9af2736b319b0f2132e71a3091f468666e0c5,Sonya Gordon,mbarnes@example.net,17127.78,2024-09-24 14:07:00,1
62d30ad9-66fb-4c37-9f19-f30fe0f9dcbe,0x08ec9b8b3fd18ebf57db81eff1d81e39c1b7ddef,Grant Phillips,devonmorrison@example.net,312.03,2024-06-19 11:12:07,1
82043836-1b84-4e24-ab23-4685311f1deb,0xc397ab130e58cd49305681fdea363d16157b2078,Shannon Joseph,jamesweber@example.com,21414.08,2024-08-26 03:57:04,1
09aa400e-4d9e-47d8-b0a8-ee0f26c382fa,0xa5c54a472418b1e28e08b8bf8bfa01d9ce63126c,Vicki Santos,williambenson@example.com,22616.6,2024-09-04 09:14:14,1
0b91f1ad-00ce-4962-8914-b73e786d409e,0xced7d76751966a4d97759010c80793b6891763ab,John Duncan,icraig@example.com,16135.93,2024-11-08 06:57:02,1
38b6a745-41cf-46ec-972f-7c9fa26b7f5a,0x04206d30a3aad3bf021d4fdec243af7d42fbd34e,Kelly Johnson,brianbrown@example.com,17471.2,2024-09-19 20:30:04,1
ebb9b32e-613f-4c84-8469-b550fd138b25,0x6689a27c15b4d74cbe96ada538f91e1a536f777a,Miss Brianna Brown,james80@example.com,29297.03,2024-10-14 15:32:39,1
841a7465-c9ff-441a-942f-39e3ec636369,0xb57d813881693688a07178940849f855a5f35eda,Megan Hoffman,juliahoffman@example.org,12989.949999999999,2024-06-18 22:24:39,1
608ff9c3-4f1c-4cf3-a333-e18e563743d1,0x3e370a924c403ebe81323d3a2b4b7dd3fb17b63b,Donna Beck,yhughes@example.net,6210.759999999999,2024-04-02 22:24:58,1
724200e8-5d21-41d3-81b8-b37ce2b3d432,0x4bd81ce82853ac432509072e77a3cd5e843a5dae,Patrick Harris,ogreer@example.net,761.8,2024-09-04 01:42:46,1
8d747b25-1798-4a66-938e-9163bf40425d,0xbd5cfc28a79df08a2ca2a11bb4cf4a7beeefde3a,Kimberly Morrison,kellythompson@example.net,16178.93,2024-01-01 10:22:16,1
6b6ea560-b6ea-4ba5-b54a-b1742c3ca541,0x948c36de68348fe036c303bd1ce97928bf5af332,Jose Bennett,qramirez@example.org,0.0,2024-02-04 00:14:08,1
3e3e259b-0872-4cbf-8984-b83998a7a17b,0x80f6203646e47104903cd5ab3809e40ceff25e84,Gary Mckinney,billmcfarland@example.net,0.0,2023-12-23 06:16:37,1
4bae224a-af53-48c9-9eb0-e7679de0d55a,0x799c68d7c9700b92e85d2bb45e9eb575c0a31454,Sarah Turner,charles58@example.org,0.0,2024-02-12 22:03:15,1
ba6e37d1-7d6a-414e-8f6b-48f0e0499357,0x15cb623da335ad7c825fe83062c2cc14258c4c42,Caitlin Daniels,odavis@example.org,40670.25,2024-08-17 02:59:43,1
e4c3c30d-1a6c-4bbd-9041-7ffb366ad205,0xf8c4266e8b9da97bad3393864b1eafa82ac25219,Daniel Goodwin,wbarajas@example.net,0.0,2023-12-06 22:19:35,1
8da07ee4-63a1-4319-af45-5ad8280c26ef,0x2540839f5cceeaa1a3bf2a9e867bd567efe2a480,David May,susanfleming@example.com,1065.05,2024-04-29 14:55:13,1
dfa5d0c0-358f-441a-8b94-8f125af46e92,0xaa7a4abd26700b77392820ab5962f05973bca878,Janice Fernandez,angel85@example.net,14269.0,2024-10-10 07:03:51,1
15e660e5-bfd4-4a97-a5cc-4c8972e9f5f6,0xaa72b8eb8c1a36f6df17a46a15ad716de0d7dcf2,Mr. Matthew Flores,vaughangary@example.net,19366.25,2024-06-27 14:06:30,1
782a0b75-4242-45fc-91d7-68f3aba59190,0x6acbbffdfc57bb91be606bd5b61c443c2e87597f,Michael Ayala,nhouston@example.net,17069.01,2024-10-20 08:46:02,1
5b360975-f16c-4f17-aa12-5685a804f21f,0xb6dc828694bc40e13d33f4d771c363a604e7a8e9,Patricia Lucas,burgesseric@example.com,1132.87,2024-09-06 21:58:00,1
ffbc2e7d-83b4-4152-95a5-53a1b31e4479,0xee8f97dafbc6dced2ba2f5904109ddaf86e37e45,Anthony Bauer,andrewsjeremy@example.com,0.0,2024-05-09 19:40:58,1
987e989a-11cf-40c1-aa5b-22f586cb7a11,0x4420fdce5a5d490b8e9fc2a8112cafcd46eb3f64,Jessica Smith,nicholsdarlene@example.net,12221.949999999999,2023-12-28 01:41:13,1
0bfbb42a-1b9d-4b4a-97c8-47614a7c0777,0x791bdf30336ee6bc1638f05df7c1828397bae16b,Mercedes Jones,robertsgina@example.net,10797.550000000001,2024-01-06 02:33:25,1
a0f52c9e-bed3-4428-bfa1-f6668bbfd40a,0x9ec51aad1fbd6a450a109ba981874464a299191e,Jane Short,wellsamanda@example.org,0.0,2024-09-18 12:31:15,1
24104150-23d4-4ba6-8b22-4c49f84a333f,0x542052c0a8c17d1ef7dcf8047a3aae23f9f0cb08,Kimberly Choi,kennetheaton@example.net,42763.84,2024-08-11 03:30:51,1
3275c12c-1d43-4913-a672-292217451b0d,0x5c07816c4b9f0e45f0bb877239c08334bef4fe2e,Kristen Peters,williamsashley@example.com,13353.76,2024-06-29 02:53:23,1
e68c4402-ef15-401a-892b-e6f9952211ee,0x0dbe1d7565c4149eff34509327ef50f8efc8d1be,Daniel Figueroa,jason82@example.org,0.0,2024-02-12 23:12:23,1
37be98d1-93f2-44e1-bcc3-fd7f53347ab6,0xb97c433a56a1cdf700935c17fa5f6684a565b35c,Cheyenne White,yorksarah@example.net,13253.84,2024-05-30 15:34:23,1
daf7c9fd-a21d-4f89-b12a-c5f75703d51a,0x84e4a5c18f6b7b6067a2332546b107f6d5b74a4e,Michael King,jessicafreeman@example.com,38471.38,2024-04-20 05:02:26,1
8978382e-0a98-4d6a-ad57-8397b05478bc,0x1442ef13e7d5ae6aea21ccb2b89a4970347288bb,Ariel Harvey,louishayes@example.net,16684.079999999998,2024-08-15 14:31:51,1
c487fff8-6c74-4f12-ab62-9e2afa7cf016,0x900e84722bce6743b899a5c15a939f188ab85b8e,Krystal Diaz,susan20@example.com,13560.64,2024-03-08 02:47:18,1
5543b248-896d-4bcf-b5a2-76bbd096aa60,0x82d646e91b53447764385b3211df8a57ee8c9b11,Margaret Hill,dennis57@example.com,8484.87,2024-05-24 11:18:25,1
3607de0b-250a-4b5f-a711-8f41b13600f7,0x0a6e63d3b9627250c8c3c262cf91326cc3f1b1e2,Juan Thompson,wilkinsonmichele@example.org,17155.3,2024-11-13 15:45:37,1
79167c5b-3492-452b-a809-f3b7dd9b0f5f,0xf118c075efee37ba90e0bfc68b108daa39cd9379,Stephen Jones,mcclainmelissa@example.net,47425.530000000006,2023-12-15 15:01:16,1
24c255c7-1720-443c-b544-60511c4950a3,0xc237c52b04f95ec92ebebafb8183ab2095339ef6,Patricia Lewis,arnoldamy@example.net,0.0,2024-06-03 20:35:51,1
33690985-e83b-4331-8ab8-33efd55f20ec,0x73427f5f50fc404b1bd48102bda604ced912c938,James Vance,dennis88@example.org,12253.4,2024-05-05 14:34:32,1
9d08292c-f7f9-467d-b70b-6a129ad944df,0x26157c9cba9f958352c653bc64631bc2995be223,David Maynard,katherinetaylor@example.org,28283.9,2024-02-11 02:01:26,1
16f0ed5c-1111-4286-9e28-b37fe085d002,0x29e680f3d1d89232dda24026f6e2277e7a89a919,Shelby Thomas,ccrosby@example.org,8652.93,2024-09-24 05:42:25,1
bee32492-c8a5-449b-8833-2552b8be09bb,0xb41e385aca5ddae581072b92a7db2694abbb5d86,Jacob Williams,aprilmoody@example.com,27838.629999999997,2024-06-02 21:57:03,1
189e1e72-a44a-4601-8d97-f9cd6ff6c8b3,0xed860a6b112d9eaed2496abe3faaeddf23b5a7e7,Amanda Wong,padillaadrienne@example.com,920.95,2024-10-22 17:50:36,1
6d8b6789-7222-4467-bf20-b7a98063bdd1,0xb8314e48bc85c243be749be8d6b82db7c88f4f3f,Laura Bennett,pdiaz@example.org,8591.99,2024-06-21 03:55:02,1
91f7b3fa-1daa-42a8-b411-91e9b9cb1ff2,0xcfe393d4cefbfa3f8208bfedc35016eed852fe27,Courtney Sullivan,tommy79@example.org,22012.010000000002,2024-06-15 09:43:46,1
c1bf62a8-dd71-499c-b114-63ac9e079175,0x59bdf98352f58cf6acc33f2d1c531e2c2f2052dd,David Robertson,jason22@example.com,34212.92,2024-07-24 07:30:20,1
81e33ad5-ec4f-479c-9946-e67fb1f5dc52,0x4d7fe03487cecd10d1e2ebb35b6869e8b2d5d95a,David Shepherd,olsontimothy@example.org,3067.04,2024-07-19 22:50:25,1
58458d30-ab55-41c4-9fbe-a0eb60aeab37,0xb298362738051a6d32ca905939ca02a9ca21374b,Alison Williams,dennishunt@example.net,49197.52,2024-01-29 13:09:07,1
6b6ee883-d675-411d-85d1-bf890caff54a,0xa38bc41a8c8aca581872f40167e7c7b7214184f0,Christopher Mullen,johnsjessica@example.com,242.57,2024-01-05 19:30:14,1
694f4141-9b69-4d6a-ac51-4d9ae0e3c80f,0x96bc0e7ea4208948ef663270baa4f016725cf112,Kaitlin Olson,mariaburke@example.net,0.0,2024-10-17 03:26:52,1
132fb342-4da3-4d0c-bebe-ae89d4e21592,0x57a97f9213d073c2f3d379893df58c9756ce73b8,Kayla Jackson,sandra99@example.org,3885.5,2024-03-01 18:17:23,1
f9790d76-9140-4d48-a6f8-e6d416989e2d,0xad06a5313943df6502bc323a6634d4364c1d0e47,Alan Mills,mserrano@example.org,3368.6000000000004,2024-02-10 09:57:52,1
3d99f0f5-9cb1-4249-a574-fc4b6e44fc4c,0x001bc6dacb4d155fb84695ed462df399e7f15ac9,Amanda Bowers,davisdonna@example.net,38873.59,2024-06-29 22:46:46,1
645cb85c-5fa9-4db5-a7d7-c874d222c1b9,0xd9800b112f79dd6528e7d6fa5a0fec88c8d57a37,Patricia Banks,cwood@example.net,11167.25,2024-06-26 06:31:04,1
bdef4168-030c-452d-8787-7e1b6754651a,0x7704edc2d6d937f1cb7996895ba3b6c973555b88,Karen Mack,brianna91@example.com,12635.56,2024-01-24 12:09:03,1
e4d9bfd8-6cad-437d-a05b-5b9ebd7bb708,0x62031ba0ded9310bde76c6e43162009388319d7f,Susan Miller,ascott@example.net,2530.1,2024-09-17 07:33:00,1
b7540967-0a46-447e-ba4d-98aea4303b1a,0x94025a009e6378ee453bb5d58100885e98e428b3,Autumn Smith,gwendolynstewart@example.com,47972.11,2024-01-13 21:41:51,1
87342510-57e8-4c11-bda6-f9d183dca3da,0xf8bebee15ba179cdb6549c42d96a311dc9ad4626,Dawn Wyatt,ncunningham@example.com,30529.28,2024-08-23 19:58:29,1
858bb27f-54f7-4360-bb0b-05747dae76e5,0x34c77c28fd539960d30006955b63015205630541,Juan Grant,mitchellpeters@example.com,18135.87,2024-03-31 14:29:02,1
65002892-bf9b-481b-bcd1-89a37f556bc7,0x83e7a16640779b7124974c10a3c83660ab3d5518,Jennifer Taylor,adkinssean@example.net,0.0,2024-02-04 08:18:35,1
26939683-0aea-4bdb-a22b-05da02c0e7ab,0x3fc2848461646a6bdff0967080ddad4d3da23ffe,Rachel Owen,martintamara@example.org,0.0,2024-10-10 21:32:09,1
575bab71-e8c8-471b-932c-6e89e3e74c52,0xf07a30501241f2fed39254b7ba46ac6593bdeb8e,Timothy Graham,bakernathan@example.net,0.0,2023-12-18 04:10:30,1
69b895aa-f94c-41e0-821e-2f1f24c61618,0xe2885198913c91a520baad37f1785c864f2e63b8,Jennifer Douglas,jennifer90@example.org,302.3,2024-08-08 04:13:03,1
7ad9a84b-4fa5-455a-b331-cedd78b73cbf,0x8628606afb0000f26d8b8d0440df031d6caadc35,Samuel Galvan,james98@example.net,0.0,2024-08-30 18:17:36,1
5ddd0db3-3f6b-448e-9616-3c4eebe1467d,0x971773eb29dea5407d83cbd61c10c6f19f72a232,Andrew Allen,cantrellchristopher@example.com,24242.239999999998,2024-10-01 07:20:52,1
5787757f-0c56-4d15-b0d4-3efe51a5daa3,0x00af481e29ee9a61ff02225666f3c8f4ae979dbe,Jennifer Gonzalez,mclaughlincasey@example.org,41874.34,2024-07-03 22:50:41,1
93192d30-5920-4d68-b7a2-50c1a7074a27,0xa6f5eb047db926bc4144800c7bf9bda12368138b,Suzanne Bailey,jeremy37@example.com,1878.51,2024-07-13 18:47:20,1
a4bb15ff-5f6d-4a01-a88b-7b9f67b88556,0x1dc6033a7b6695b5bbb100e090410af6b4fc7b99,Jonathan Hansen,matthew18@example.com,21036.9,2024-11-07 18:14:07,1
40f83523-e6c1-4f91-8174-e769db1fc4f4,0x9669a64f62eb82565a797b8f611057d865afcda6,Danielle Ramos,xhart@example.org,41263.23,2024-09-22 16:25:57,1
571b1736-8d68-4148-b21a-e90308df6dd4,0x452e03c58a51c3efc03920d8ae40b1bb91bb9b26,Melanie Mosley,olsonjonathan@example.com,2175.36,2024-08-05 14:25:33,1
ba8ab6c9-82f6-4340-afe8-3b42eae791b6,0x2e26fd5573cf921708b03fc87e7231586ff2ddcc,Michael Mcbride,hmoses@example.net,15898.310000000001,2023-12-07 06:53:48,1
ca21c631-cf48-44a8-b90f-a9ad89cb2e96,0x0b3df0c12f547318486cc41985e1dd10667d343a,Dustin Ross,charles27@example.com,39025.84,2024-04-18 19:28:56,1
0fafdcad-47a4-46e8-b61e-d31067b0e2f5,0x56ab35c5dbc8287982ab4aec31386560bb9b31d0,Catherine Reese,victorgonzalez@example.net,14728.12,2024-03-06 12:24:00,1
7b89dab3-379b-4d74-9caf-608cc6c56002,0xcb5ffde9ed5dc2b7efb069e552a63bcd8efb7b5e,Dale Wright,eric11@example.org,30503.530000000002,2024-08-21 23:17:43,1
03ec3168-239b-4099-8025-9ec0794d72ca,0x0d706598f20b31e4eedf70c147fef90ce2a318ed,Aaron Vincent DVM,uwatson@example.com,53759.12,2024-11-16 07:21:58,1
6a776be6-f62d-463d-bc10-4f23dffcfa76,0x36e5bfcf91da3b9237f854ea2d6354daee26e641,Sheila Henry,raymond92@example.org,41838.08,2024-06-24 16:28:46,1
fcdc3618-b426-46ac-80d1-774063b7d3a1,0xa0de662e5aca518449fc3e9fea8f680f736c9af8,Joshua Shaw,xdalton@example.org,16035.65,2024-05-29 01:38:45,1
2af95ce9-e878-4c01-bf1b-d52e4619fbcc,0x42518a2d8f9aef0ce5a4a9da3e8e385651009cb0,Julia Norris,craignicolas@example.org,5443.15,2024-04-07 21:33:18,1
f9c5adda-993b-4487-8f6f-5937c99a9296,0x61ce8eba7f8e3b7e5eea5b8a3dccdf5121d441df,Chelsea Baker,thomas95@example.com,21740.92,2024-02-12 22:28:10,1
209c97fd-86aa-4a2b-bc3d-feb38207ec7b,0x77ecea62606331b0d7159fc11c2b41dba4774df9,Michael Watson,lramirez@example.net,0.0,2024-01-23 10:34:32,1
f1847873-bb43-4df8-82ac-632031f66078,0x9e545e7d0912471063d5ed3adc207bad31203f37,Robin Le,angelachase@example.org,1788.23,2024-01-29 03:37:55,1
a2535b54-4309-4011-8bcd-b5d6b5ae52c1,0xcfd8379243ffaea96247b79a97ad5eea7808d836,Kara Smith,oporter@example.net,5020.860000000001,2024-06-27 21:20:54,1
b7a547d5-9a28-4df5-9b1c-abe01540e29c,0x9d5c9fe2a4f9b027495d75246c40548a2de80343,Elizabeth Hart,rosshannah@example.org,3229.44,2024-02-25 04:34:15,1
9b823a36-61b6-4b90-ad88-7252a8c0998f,0x8be31de27b609f0779a17c3124221f9e24c319ee,Mark Cole,jordan58@example.net,16005.26,2024-11-29 09:41:27,1
8c5ac6df-181a-4596-8058-5299eac9827e,0x51354d7cad2b148ba26a2d8060c6c2765ecf9a33,Jason Bell,barbarasantos@example.net,65607.85,2024-02-09 07:05:23,1
a5701771-7e36-4b5e-85b1-702e5e3bc110,0x5c4930d0eca81352a2aa6216e687747908cb8ca5,Frederick Dixon,ypreston@example.net,700.59,2024-03-23 18:51:47,1
35de1fff-fc0e-462c-a792-d49a3bc0c272,0x16b40148a8dbfd3519202fcd6c1cbd8cb2bf08e1,Sheena Davidson,robert99@example.com,0.0,2024-10-28 04:35:55,1
b5fa6ce6-c7ec-4500-a130-86b736fb6023,0x1081585859cfdbaf0b88b27018023b90a96fdfe2,Greg Edwards,jennifer96@example.com,46205.07,2024-11-12 06:09:26,1
e1bd59a2-e4d7-4657-9524-80885f022e86,0x8df257d2da344adea004c6caa6d046c97b1817ce,Heidi Matthews,lgutierrez@example.org,7659.75,2024-01-21 01:43:35,1
9c5e7c6a-e3fd-4490-a97c-7f497f717d9c,0x0854021971cf03bb92341fcb934d2c288a23ee93,Teresa Haynes,clarkrandy@example.org,1810.37,2023-12-28 06:51:29,1
1b8a665c-2d71-4f67-a07e-eb3ac464c27f,0x0ffcd2819c1c699e528e528c59c77bfb5c8e063f,Anthony Wise,garciachristine@example.org,125284.14000000001,2024-08-13 19:45:10,1
4996efaf-befc-4847-9706-877e6ff6c5b1,0x09b973430fbd6d64866aa7f9ff5b993bb362bab9,Dave Rojas,isims@example.net,14636.46,2024-10-24 03:49:19,1
59f559e7-e9b4-43eb-9615-28f40bc3c219,0x0e3c3b7fe0be51c35fe7b44dcd21586d61c0faf2,Howard Herman,imcdonald@example.com,5339.25,2024-07-03 13:04:57,1
469de534-e244-439b-ad17-c4fac1131a48,0x7f1f2cbdfaea021efd68b01f64e7871098309103,Melissa Thompson,owelch@example.net,8995.24,2024-05-20 10:33:10,1
93d387db-ccfb-4cc4-a15b-04b35d001701,0x38a9743495dc51361479b9fed194c078af74393a,Emily Reed,lindaramos@example.com,18476.7,2024-05-11 14:17:16,1
432543f5-c2ea-4b99-bb12-e7022bcb3b03,0xa72d077cb077c139540d8b1c01cee8c1f44cca7d,Aaron Ochoa,mauriceharrison@example.org,5076.9,2024-08-26 14:45:02,1
7acbb34e-f04b-4747-b3bd-0c1410980b59,0x113f9c76baabc8bc3d249dffcc86314fba9840bc,Karen Smith,myates@example.org,11938.499999999998,2024-10-07 22:40:49,1
1a09b448-e7f8-44a6-a585-5989535962a4,0xe5ca36e5a0413afa57c10a9942f3fe6e242c00a7,Jason Castro,twright@example.net,1469.5,2024-08-10 09:20:26,1
fb2f9ad1-0b5d-444e-b21d-2aadf3933dfe,0x446ac61ad43aaa794034261060cd3cc8524874eb,Dennis Henderson,zacharymarsh@example.net,14683.72,2024-10-12 03:24:50,1
939209dc-d89d-4a73-a108-c171082788df,0x7cc740e89083292e0d18b5804547dfe1c7b3ef6e,Matthew Patel,robert12@example.org,4429.22,2024-03-24 23:29:37,1
21b8fc01-ed84-4480-8668-9b4b19bb0af4,0x16f6c327e2f9beae8613679bd781e7c21eecc05f,Jesse Graves,blopez@example.org,12782.220000000001,2023-12-22 18:52:27,1
80c6a7df-6cc2-44b7-a175-1bf1542d34ff,0x1c5f0671832d8fb5258eb22d234c89f6eeedffc7,William Campbell,jenniferacosta@example.org,25703.68,2024-01-07 12:58:00,1
6e924c7b-313d-4098-bb74-44f8bbee54da,0x5057804fb66ea23de90a92f63b8878913670eb6a,Glenn Collins DDS,steven05@example.org,9731.9,2024-10-26 02:41:28,1
e057db69-d537-4274-a671-4a1da2a293da,0x85aec1cc901ad4a48b6d14e545d22092eb627241,Derek Long,qwhite@example.com,15658.7,2024-10-20 04:08:19,1
b0817b68-dbcf-4615-82a6-251a909269c7,0xdf6557c0c3d4f9421ae49ca81a6458c5b1580c29,Michelle Cruz,cwright@example.org,6481.12,2024-05-30 11:33:36,1
2da3bceb-e4d1-42c5-825b-93fb3e77f766,0xb5989462019864a45ab294aa737acf0130266879,Maxwell Clark,tmaldonado@example.com,0.0,2024-02-03 02:38:08,1
c7219ea7-1579-42c4-8680-fa9f8d51a6ff,0x4767008d5d1f5ac9de417afa0fa84c29659d318f,Timothy Meyer,timothy43@example.com,0.0,2024-11-12 04:33:07,1
cec0bbf9-07bb-456c-8407-3e7acef00b0c,0xf639f8066401db3d0d73f6f5663d95390f29a37b,Valerie Young,knguyen@example.com,21292.0,2024-07-17 14:02:23,1
d494831f-fdb6-4f4a-a217-e2847f9b95d2,0x70ccb6cc80209b36e42b19665299bc9e4281bc89,Alexa Williams,jbarker@example.com,1395.13,2024-09-27 20:37:07,1
9648bc9c-bd1e-4f06-940b-ac222a550435,0xf6d5b9a23e6998d125206eeeb95ed2ad5d3946c7,Brandon Montgomery,browndeanna@example.net,93941.7,2024-06-28 19:26:43,1
678d67ac-4558-4713-b85f-2322c871ad7b,0x3d4aaf37dc92127765db0dd433203031f46f9cb2,David Holden,linda73@example.org,17005.149999999998,2024-08-27 04:32:43,1
3ca8f7bd-6020-4714-a8a1-48a5fd8e1f96,0xfd2ebec4c6f93106a13b425fe29116b41863d849,Danielle Williams,ihansen@example.net,992.46,2024-06-10 20:15:30,1
725f5607-8b09-4df1-9343-02cb18403270,0x317b7c0efeafe9e72eab7c848ac4eda3e7192c42,Gregory Oconnor,mikayla98@example.org,20619.480000000003,2023-12-30 06:14:46,1
1a1bd004-0a22-4e49-aa70-3b4f2b5e8163,0x4eaaa899dcff185cc530abaa5ae076c0f6bc02da,Robert Weaver,osmith@example.net,15177.419999999998,2024-04-28 17:12:43,1
856023bb-ad46-4b25-b89f-1c147d6ebbb3,0xaa68710d1736984a42de7c3a9d72fe96c88a027b,Lisa Diaz,malikbrown@example.net,8164.56,2024-10-16 14:22:00,1
d14b6522-5bad-48df-a9c1-531a21145293,0x9c0812bf36367b79bac514d2b1cae872249a5cdb,Kathleen Arnold,marcus51@example.org,23300.57,2024-06-23 16:51:08,1
681dbb8a-2cd9-4a85-98ee-a51a0360174d,0x94524fc2b11bc3a8bb4e64a5c6035c61344ec598,Todd White,harristodd@example.org,14773.7,2023-12-15 20:49:38,1
22f838f8-21b6-4b32-a11c-db235bb094e4,0xd56347c9c09e132e444c224de6fa7a511c3b3b39,Mary Fox,brandon39@example.net,5431.29,2023-12-31 00:51:47,1
28676065-13d4-40db-9cdb-4e98c8956f1d,0x1a821c290ee6a93d59bd86aa10232b125570a284,Mary Hebert,mcdonalddanielle@example.com,3798.45,2024-07-07 05:23:32,1
ac1a439b-7869-41ba-826d-faff3485222e,0x905a17e08a6eaf08dff9e6c886ab1660c5c86ca5,Samantha Bauer,colonjoseph@example.org,28460.72,2024-09-13 16:26:42,1
04147d27-e092-4d9d-abc7-0fc0cf7d6bb8,0xe0d9f23fbb1e4b08e6acb3f248affca64a5fa4d4,Tony Yu,garciajerry@example.com,15508.99,2024-02-15 02:10:08,1
