project_id,creator_id,escrow_address,title,description,funding_goal,current_funding,deadline,created_at,status
caecf732-0637-4753-a639-d380bcccf467,f753381c-7df2-41ed-8710-722386dd011f,0x0e1aabed11a7cce53e512f70f80d88e4253bfb04,Fully-configurable non-volatile product,"See indeed black police group learn professor. Coach Congress husband front.
Your kitchen good firm yard foot he. Step food drive nation heart nearly.",36196.37,85127.26999999999,2025-03-18 18:02:01,2025-02-15 18:02:01,2
08a8a19c-9476-4b4b-a303-ace1d30c5822,c8217145-ca5b-429d-b3f3-a13b0491b405,0x850b98999b42e663c7eaf104e1c462f6d91715d3,Reactive multimedia open architecture,Choice also green catch happen old do. Begin hundred truth safe rich. Common stay ready office traditional organization feel.,19182.16,34143.54,2025-10-10 14:40:43,2025-08-27 14:40:43,2
3970d83e-ef05-463e-8b3f-f7e9425be048,22fab76e-502d-40d0-8367-8c11e0cc0be8,0x4830a45d43384ae83a2f09cb9bc6e82c64df057d,Quality-focused non-volatile collaboration,Recently check purpose young wife send offer. Develop face hour car. Live seat nature energy.,42095.18,29650.07,2025-08-25 09:38:13,2025-06-24 09:38:13,3
9d68d839-a9bd-4cc0-8f7b-c0924f2603f6,19cdcc23-e326-4705-801d-91c362c3ecb2,0x3ccc3b7ea240314e976b2f3654c515d29c0bd79d,Assimilated zero administration function,"Pattern wrong kind certainly and stand. Rate choose rock beat science.
Unit than star add really born late age. Science deep national seek nature.",101015.56,53982.46,2025-06-21 13:14:05,2025-04-15 13:14:05,3
5b201d25-7751-4576-a056-87dff93a9a24,ba47b8b4-eb4d-4092-9960-b6558f1792ea,0x5eb9e9116d6a2c291c7b10a7981869065769700e,Intuitive mobile policy,"Cost may leader unit. Always two figure. Hotel church get goal personal door within.
Speech personal these three spring. Want we difficult. Today prevent because him whether partner.",17428.23,8989.89,2025-11-12 08:48:32,2025-09-04 08:48:32,3
47b88d70-f421-4405-a822-d3a1d7ca8b3f,9b787e46-b4c4-4563-8117-b972c339f284,0x8fc787294f359a368b2ac913add1e3c80c451a88,Assimilated well-modulated functionalities,Field seat start PM scene charge. Blood continue several partner environment. Partner others discuss ago bag sister care.,17428.52,16288.489999999998,2025-12-18 08:51:05,2025-11-09 08:51:05,1
35afd502-e25f-48ed-adc4-4501d18c3e5e,b005b99d-ce79-4654-8297-741b9e8667e9,0x72262f92f844c4cdd7a0c8cd294b282128dd1f51,Seamless value-added orchestration,Modern then skin minute later still amount. Million how same newspaper might. While couple keep this similar experience coach family. Ready tough less.,106853.37,108166.79000000001,2025-10-14 10:47:20,2025-09-08 10:47:20,2
f573d86d-729f-442c-8c2a-8170cf24cb09,8019ac6d-18d2-43f9-b065-ea0accb3442c,0x1f3f6c9c450389988ec59290103807e074f5c286,Multi-lateral attitude-oriented moderator,"Partner civil nearly analysis color friend the. Class certain shoulder anything. Finally shoulder land phone brother.
About she activity marriage material. Part management describe.",47450.14,29245.77,2025-11-01 00:32:24,2025-09-03 00:32:24,3
e56ca206-a912-4732-afc4-0b4a7ef6c742,337bcc40-715b-407e-9a48-321bb78a2f3e,0x69416c534e824334f1627aaa348d73192c709f32,Total radical orchestration,"Whom see growth along. Follow today star serve successful. Fall care reason ever.
Modern receive partner body role pick. Low read value worry. Interview summer employee offer perhaps.",13773.83,13226.720000000001,2025-10-19 01:47:57,2025-07-28 01:47:57,3
73d568b5-014c-462b-acfb-e09b1fe84868,32b58d9d-7378-4faa-8f99-37b1aaf6059c,0xd435aa1f4642f9b7bae2e785639425659f4c2be5,Seamless intangible installation,"Glass south defense political real effort.
Feel nearly short box four. Right pattern ahead compare form full.",37894.45,23559.239999999998,2025-10-25 03:44:00,2025-09-15 03:44:00,3
77576a5b-d566-4aaa-9fdb-eb5efef6ffaf,7815691c-470f-4e46-9eb7-1f2db87b47af,0x07b3239a2d89ad4f06fe3402f7483cb85ad183f5,Cloned coherent focus group,"Worker phone success number hope organization.
Report even beautiful theory he stop. Democratic few born size sing.",13857.51,23772.19,2026-01-19 15:03:52,2025-11-12 15:03:52,2
2798b943-59a6-40c2-9a4d-4097780695ae,7f6e2cc9-b4d9-4f2b-b6c5-c47c341e731b,0x6cbb156cd8ba4e126fbabf289b83fea7fb85b833,Persevering human-resource structure,"About usually reach organization. Four threat billion she. Against serve police decide customer.
Mother significant provide evening church. Address performance method deal.",13825.5,9549.42,2025-05-16 10:30:44,2025-02-20 10:30:44,3
85011fdf-de72-4b1c-b43a-49c287846a28,3818205c-48aa-4a25-abd3-aaedac889e4f,0x7aaae9e97ae91c0146e4b08cdb36248ee4078f3c,Organized reciprocal help-desk,Stage require provide move wind sense. Nothing behavior sort recognize best financial popular.,28056.13,13269.98,2025-12-17 11:44:25,2025-10-23 11:44:25,1
e72ffc3c-f22f-4b3c-82fc-d753d735bcbc,d36bd1f7-c827-46b1-b54b-32a11b4f84b3,0x5f66a392d4211b1214bdeb8ac1d93449a72ca7d4,Streamlined asynchronous utilization,"Leave opportunity draw during city lot at. Sport opportunity six itself skin.
Community prove school Republican student. Option leg never state. Final image our rate.",3251.01,2759.66,2025-03-19 07:10:04,2025-01-13 07:10:04,3
e1da8609-0c40-44a6-b151-b60ed6ac60c6,dad8a2f4-ff3a-44e8-be60-921fb7b262a4,0xcc4bc8b9d7955c6bb31f253688f4f0044ae808b7,Profound impactful capacity,"Hard nature apply reflect. Body executive all it opportunity personal.
High nation production little could his. Style child young prove care author. Century those price.",3924.85,5592.33,2025-08-26 01:26:20,2025-07-17 01:26:20,2
8dd30019-a0b4-4291-a058-89adec540aaa,9c9dea8e-8c4f-40ff-8f37-2834cc75853f,0x5c1184bd24785dc7519502518ced42a8883d3120,Upgradable disintermediate structure,"Improve national happen within nothing. Both loss real center rule worker. Let back three because line.
Something fine apply gas sing light mention. Off former good within far cold reason.",12552.97,17847.93,2025-01-10 15:16:57,2024-12-05 15:16:57,2
ca3f6c2f-e673-48ce-8575-fe5e624bcc83,ba47b8b4-eb4d-4092-9960-b6558f1792ea,0x7a88063061562831f011752a0b3048437d5ce101,Reverse-engineered user-facing collaboration,"Space end red machine son television. Worker whose other start study sell. Side draw key point decision same.
Politics sense break. Less live live way. Do raise hope enjoy most itself eye.",7999.78,3429.3199999999997,2025-09-02 06:03:16,2025-07-25 06:03:16,3
88655aae-2f1b-48ba-aa4c-4f8e1c83ed19,337bcc40-715b-407e-9a48-321bb78a2f3e,0x79287b6e006229a2a9159eabed32f0e84f8cc813,Advanced systematic access,"In moment rate. Detail exist cover agency begin voice.
Point remain build task candidate prevent tonight not. To receive education level.",30159.26,36695.24,2025-03-23 14:58:29,2025-02-10 14:58:29,2
91d21704-7e3a-4270-8863-1257a9436e12,b8bc32d6-d902-4877-aea0-364950e4960e,0x7ec803511e0a2b6a4f6bac6cbfd4f2f7bbc14afc,Fundamental context-sensitive intranet,Woman customer hotel population board music issue. Poor tree resource billion authority number economy knowledge.,8883.72,16640.140000000003,2025-04-25 00:59:17,2025-03-13 00:59:17,2
407d5478-1c3d-4d59-ad69-76a9f7ab2576,d36bd1f7-c827-46b1-b54b-32a11b4f84b3,0x83ac254db545f141e47d413770bedd1f91cb14f7,Polarized bottom-line open system,Four field area young positive half. Ball least short possible computer always. Produce federal hope blood read main.,5365.24,2523.36,2025-10-03 10:24:39,2025-08-27 10:24:39,3
a77b3501-7e9a-44a6-b326-7179c8ed84b1,1b52ac8a-0720-4962-a2fc-84a5a03ba701,0xbe0cc69b51d3e833a0163edb0f568658723b508e,Ameliorated methodical process improvement,"Red candidate common anyone film.
Particularly structure ask stage box organization past. Source international specific word.",95382.34,55846.6,2025-03-17 17:44:55,2025-01-26 17:44:55,3
72394f2a-fd52-47ce-9475-f73ca02d0738,9c9dea8e-8c4f-40ff-8f37-2834cc75853f,0xfd3d99919c9b19ed5545b0dcd85677d07709fbc7,Balanced client-driven attitude,Heavy citizen they ball account unit religious order. Indicate southern significant realize deal. Mission include visit particular also. Response partner because step.,17574.84,11855.03,2025-05-07 08:57:44,2025-03-07 08:57:44,3
d8c8230a-12e8-4bb1-8e19-3dd0730e5bf2,8019ac6d-18d2-43f9-b065-ea0accb3442c,0xa5ab7ab737fe63defafe95826ca8dffa845d5b1e,Phased modular conglomeration,"Approach hair decide. Free source serve analysis science.
Citizen ahead method audience. Return or for cup quality. Discover body direction down include customer.",23565.24,29662.49,2026-01-10 10:38:43,2025-10-26 10:38:43,2
6e112f54-95ae-4e10-a82c-b31540586715,19cdcc23-e326-4705-801d-91c362c3ecb2,0xb9c088eaca0712fed608235c80dabd5ce58e4c86,Grass-roots client-driven budgetary management,Industry set detail far church some well. Official need discover in. Majority yet option student evidence role save.,5298.89,6272.679999999999,2025-10-14 13:53:59,2025-08-28 13:53:59,2
cefbd8fc-e517-41af-b494-c1cb3aa7565a,237e2d37-0c2a-4cf0-ab66-6497c0b01ad3,0x8387dd31c5b997eb94bada0e195a8215fea77580,Total bandwidth-monitored knowledge user,Bar send really image design. Fast positive before look fight reflect. Section agency lawyer sign them if smile.,12779.75,27374.44,2025-06-20 21:21:36,2025-05-04 21:21:36,2
b95d766b-0a5b-47d6-bd56-8ba500110edc,7815691c-470f-4e46-9eb7-1f2db87b47af,0x787f2cf04cd1cbd7260930ee9ee3a857c7732614,Multi-lateral context-sensitive project,"Night similar catch friend. Box long voice oil where decide seat. Fly today me institution approach.
Laugh may stop like mother stay. Later happy pull really within. Could this beautiful hospital.",24610.36,16494.91,2025-10-28 04:46:19,2025-07-31 04:46:19,3
92ad9815-bd20-4eb1-b7f9-e1271f869c96,9f3a66ea-390c-4fd6-9520-46f9c847fc37,0x711b6e6db0ded004c0aa5baf15376748d3fac396,De-engineered methodical hardware,Scene again country against soon strong. Popular in garden position for order recent. Knowledge fight car smile commercial employee machine.,6967.46,13169.2,2025-10-30 18:29:25,2025-08-24 18:29:25,2
a0a98438-7f3f-42b6-9ff1-a9eb146237a8,93fa61d7-5b0f-42c0-a78d-40bdd49b176b,0x2c1891757c93e4703c6869cdb1d41fb96b486517,Intuitive object-oriented capacity,Hard day religious program within. Health music class feeling. Identify material certainly.,32070.7,51271.36,2025-05-19 03:28:06,2025-03-05 03:28:06,2
6bd73261-aacc-4135-9e38-c5fe0c31315b,22fab76e-502d-40d0-8367-8c11e0cc0be8,0xc8d43eebb4116006baa01aac60440343e78d70b0,Face-to-face local help-desk,"Area political on develop very everyone. Base support quality.
Hour make owner memory argue project huge. Hard health expect goal within them.",12080.66,16568.82,2025-02-20 09:08:30,2024-12-12 09:08:30,2
25ad1fbf-b93d-489d-9ccf-3256d70215fb,5ce35111-af86-408d-a4a0-a2b47c2a069d,0x5a7f4fdc11d04aa33244fd26be037fd7580d0eb0,Managed asymmetric parallelism,"According police event company. Report sense carry control high network amount. Strong fight nice less agree.
Enjoy what strong line.",16453.71,7492.28,2025-12-15 15:57:24,2025-11-04 15:57:24,1
eb70e41c-3b6a-4624-b295-b33086ebe7f4,9c9dea8e-8c4f-40ff-8f37-2834cc75853f,0x41042f714d8ccfce7982b039a9c0408349bedfbf,Phased system-worthy capability,Run adult employee ok certainly leave really. Clear evening information treatment green face. Police baby create physical share out cold.,12067.77,8635.48,2025-06-09 21:56:23,2025-03-12 21:56:23,3
7fbaeaf7-508b-4846-ab38-ba0d7b66f135,c8217145-ca5b-429d-b3f3-a13b0491b405,0x8293a222e553cd1c164d9cc4f78b320c833f35fa,Public-key transitional neural-net,"Leave baby standard type look find. Catch kind would mission wide common.
Season budget campaign. Read film decide wonder.",140403.85,108292.20000000001,2025-11-24 15:23:25,2025-10-21 15:23:25,3
4d444856-9cbe-45a8-98ed-79d6395c6daf,337bcc40-715b-407e-9a48-321bb78a2f3e,0xa36406c207b064f7bb866808298385638ee99496,Exclusive contextually-based secured line,"Before suffer walk. Girl civil may rock drop now between official. More respond who.
Above rise under turn surface listen recently. Keep whatever Congress great.",21731.17,28284.75,2025-10-13 11:08:15,2025-07-24 11:08:15,2
5b91b314-4547-4e00-ab02-766b1b836b98,0675aa42-8db9-441d-af6b-f47fd9469a29,0x217c64b23f0ad687a53847c4ee98cabba7acdcee,Organic directional neural-net,"World into task thus sort. Conference your man black just probably. Budget house reason within.
Hair current customer such. But study rise everything require old.",7648.69,5257.43,2025-05-12 22:08:42,2025-04-02 22:08:42,3
e7144c3a-cb3e-4654-a09c-671669489706,c8217145-ca5b-429d-b3f3-a13b0491b405,0x16c705bbc0a2ec210af3b89ce1e81ba2556b0bf7,Assimilated context-sensitive implementation,Check perform benefit baby seem should. Dark product make energy gas teacher national. Wrong they budget. Fire heavy least allow news team field.,50138.52,18844.93,2025-02-19 05:58:02,2024-12-29 05:58:02,3
b048710e-44d4-4f87-a560-0e24b3d58de1,93fa61d7-5b0f-42c0-a78d-40bdd49b176b,0x17f20269f16fe4f45371a4076efa53aca10307b5,Visionary executive Graphic Interface,"Opportunity campaign hand. Agree through game best generation group goal product.
Possible or travel assume figure. College Mrs also price institution method.",6497.39,3101.3,2025-09-01 08:19:28,2025-07-30 08:19:28,3
4787ddc6-c12f-4e4b-ade4-bf5d367ecbfc,f51ba6a9-ab7a-45c7-a446-057ae856402c,0x8b715f4f94fff23258401c47549c99fd8939fb3c,Public-key didactic forecast,"Father of source. Sea begin such behind front attack song little.
Somebody prepare few sound item music. Increase economy middle public natural.",27142.7,33144.600000000006,2025-03-31 00:04:27,2025-01-01 00:04:27,2
a6c04773-1dd4-4ebd-b3d7-945d65bd7fbb,237e2d37-0c2a-4cf0-ab66-6497c0b01ad3,0x4085f59686ffb8f6982afaa6480b8a09e756e139,Visionary intermediate open system,Mission hair challenge character. Such improve team treat plant. Environment expert civil rather door draw. Court early still less.,3103.64,2221.27,2025-09-24 15:20:02,2025-06-27 15:20:02,3
9e43b28a-45f6-48e5-b8f7-7d1be0626507,3ca4d9df-a59b-423b-b0ff-21876d19246c,0x26d0f291dd0c81ab19a1f72f7a851bb5b1a58178,Open-source high-level secured line,Wall right cell born same usually. Professional oil simple moment market bed outside.,5836.08,7389.879999999999,2025-06-24 11:23:49,2025-03-28 11:23:49,2
3dab9c40-97e9-4fcf-9623-716089aeb7cd,d70a48b4-4655-4484-92aa-582846362d1e,0x30cd52e0437aac6bc93a47bbf5233bc6ccd6e782,Multi-lateral methodical structure,Again whom paper success production. Real small dream. His police red total rate movement door.,26818.88,68244.18,2025-12-18 07:59:11,2025-10-03 07:59:11,2
40f52fe3-8376-4c79-ac83-8e219b5b1c2c,1f6c1952-4b79-4f83-9eec-1746b8a5d643,0xf712a20c3122489c691bfea8a918bdf17a44018b,Universal interactive attitude,"Media goal own spend scene. Receive seven political contain kitchen political able.
Figure office book economic require should power candidate. Rate society floor long same end reach step.",46095.31,87692.0,2026-01-07 13:36:35,2025-11-27 13:36:35,2
b6135465-2c8d-418b-af56-383697c09b4c,d0085a3b-3602-4da5-8169-a3f52bf54e13,0x49f23e0fc93e4e19bf2340ccef1dd377f1994c80,Down-sized actuating initiative,Outside chance when color note add. Itself turn law purpose budget require course. Explain management candidate task outside. Risk country Congress society agreement.,26143.82,48951.22,2025-04-24 18:00:17,2025-02-17 18:00:17,2
8358a280-bbfe-44f7-a9a2-6a640c63a233,dad8a2f4-ff3a-44e8-be60-921fb7b262a4,0x8c467f13efe36ddf10ae668280996e4c4fd0b919,Universal human-resource strategy,Eight believe arrive four dog traditional you vote. Remember special accept mean herself within provide car. American conference college manage fund life bed.,19620.92,33128.659999999996,2025-07-20 03:30:30,2025-05-06 03:30:30,2
32f6ebb3-af18-4246-8f05-21ce029824d0,b8bc32d6-d902-4877-aea0-364950e4960e,0x37f0685089879345f99cb6ba8b3079aa1a40f543,Organic actuating core,"Discover along employee. Job yet until American ground remember magazine.
Suffer term buy behavior. Congress collection meet evening through. Defense your above short Congress turn east marriage.",16299.61,24515.84,2026-01-05 03:38:29,2025-11-26 03:38:29,2
23741de7-fc78-4839-a170-0350c3cbe4e3,9c9dea8e-8c4f-40ff-8f37-2834cc75853f,0xef5ef4ec46a1e708bc503161b413aa45faafa6fd,Managed 6thgeneration projection,Foot rule same whatever notice deep any. Follow area audience weight high. Effort drive side human after decade. Single expect sell pressure building make.,5021.47,10271.88,2025-09-15 12:24:54,2025-07-21 12:24:54,2
af8106ad-886d-419a-a2f0-653eaba26131,912c19d6-8430-4ba9-91ad-8474c4b1ab8e,0x8b906338276ee895ce7352ffb74e9b24461a45a6,Stand-alone systemic structure,"Money positive base life bad soon feel. Range feel eat into.
Necessary true message. Interesting behind produce nothing effect effort bank. Administration scientist leg skill successful and indicate.",10723.1,3726.87,2025-07-11 18:23:41,2025-05-31 18:23:41,3
a71c15b3-610c-40bb-b7b4-c3d5f82b7da9,b005b99d-ce79-4654-8297-741b9e8667e9,0x725e693f0b254a5d9e13dcf2094cc8f83589436b,Public-key 3rdgeneration ability,"Actually pretty least if. Rise field spend pattern real white push source. By add born administration.
Decide possible power. Success teach Mrs beat show challenge.",13896.07,28954.629999999997,2025-10-09 06:39:16,2025-08-21 06:39:16,2
c3345cb1-a90b-4db5-8589-2ef8ceb326bd,d0085a3b-3602-4da5-8169-a3f52bf54e13,0xf8832109880a114ad7323ef28535b664b9dd1866,Upgradable neutral frame,"Hundred message right very toward test discussion.
Affect office network environmental possible threat bring. Voice get recently again explain court gas discussion.",63393.86,108448.40000000001,2025-10-24 00:05:52,2025-09-15 00:05:52,2
fa7c8cd7-735b-4691-9603-0a0e65a5cc35,a4d661ee-b80c-49ea-bd6b-aa0df96011fe,0xe5fa24a4bbdc47197139fbfe23eab7a02b3279e5,Team-oriented value-added array,Community choose man soldier. Field decide another adult thing ground city. Allow as issue pay building difference election.,31058.2,65485.229999999996,2025-10-27 06:01:15,2025-08-01 06:01:15,2
858be3d6-f218-4e1d-898c-28fd9903c6af,3a419900-fc25-458a-9578-b8d2581810d6,0x17b45e9f507be2775949b580e74177b0cff27cbc,Implemented tertiary intranet,Run between positive free case summer keep. Shoulder according strong list expert commercial. Head senior guess professor charge.,3778.04,3835.67,2025-06-29 04:44:40,2025-04-22 04:44:40,2
b6dbe601-5192-4c9f-9f3e-beba4950da01,6bc8381d-3be8-4ee5-b96e-429946f93e02,0x308a99e7c595d5af84dbd2e488b683577f72039b,Switchable secondary collaboration,Within woman sometimes then. Information though red them return. Training account evidence month turn record.,30457.39,11049.85,2025-07-08 11:32:14,2025-05-04 11:32:14,3
89996806-0232-4078-9db6-b20394f29928,9c9dea8e-8c4f-40ff-8f37-2834cc75853f,0x7f9575bbbdfb3668fbfb2a7b9d79059439d2f4dd,Versatile scalable complexity,"Three music else.
Would book art health phone great. Series walk large.
Law work south. Not thus physical mouth other go expect size. Public research mind easy foreign old state.",14986.69,23454.92,2025-06-19 00:26:00,2025-04-03 00:26:00,2
f80b8690-b123-4c62-b95c-80ba69d874df,5fc782aa-89fa-4dbc-be88-49472464c216,0x307a6f040f90db955e686a2d7e9f435a390e3ed0,Universal logistical capacity,"Brother defense list second want hard weight. System book hard face mission brother figure hear. Magazine social central operation any.
Democratic standard major business give. Individual of not.",11193.38,22433.800000000003,2025-07-17 04:17:46,2025-06-17 04:17:46,2
88560acf-3ee5-48bc-9ef4-c0656d28f64c,a4d661ee-b80c-49ea-bd6b-aa0df96011fe,0xb8495bd64ef63d85de6a4f1931e08b2da53abfcd,Re-engineered responsive utilization,"Population popular be western my serious whatever. Country live to build view conference affect.
Stop stuff often be move. I and technology age join increase.",40606.21,72639.94,2025-04-12 01:40:17,2025-02-05 01:40:17,2
ed806347-ec02-4f17-8171-0897e8c87c83,3818205c-48aa-4a25-abd3-aaedac889e4f,0x8275f852c5625b5d68e4af9b44b1d2aab490cea3,Decentralized actuating customer loyalty,"Only manage sell his boy art let imagine. Ahead plant trial affect never only big.
Fight image base player. Situation central music collection early. Which new among spend which per.",61759.28,48621.229999999996,2025-05-01 22:09:06,2025-03-12 22:09:06,3
bdaf128d-8d8d-4449-bbf4-92201252cfd5,d70a48b4-4655-4484-92aa-582846362d1e,0xe2ac196197e141a86ec77e7e4e806a8decaf7e08,Diverse user-facing monitoring,"Feel house but cause. Your there decision measure soon this war. Woman remain event production focus.
Where foreign trial card two participant above. Pull including time.",55897.79,64169.88,2025-09-06 22:38:08,2025-06-18 22:38:08,2
f0d35dd1-4e1b-4fa0-967d-6179adac63e5,19cdcc23-e326-4705-801d-91c362c3ecb2,0xc9c38052d415e85cf23c13e0da70ef7d97ebae56,Ameliorated well-modulated focus group,Bed party field response doctor. Whose already manage region paper according worker. Book everyone matter color create school.,9516.5,10583.66,2025-01-05 09:18:08,2024-12-06 09:18:08,2
0579fc32-b840-4951-80a7-fc38b81e5bbd,7815691c-470f-4e46-9eb7-1f2db87b47af,0xd8825848ef3598f4e1966119de42288162f40d73,Synergized multi-state Local Area Network,"Military analysis return another truth mother. Accept create bank occur agent scene. When true culture forget as personal.
It agency something various subject east list.",16167.97,10719.79,2025-07-23 18:23:17,2025-05-09 18:23:17,3
a2db429c-e5ef-4386-bc5b-f65b59a1d242,ba47b8b4-eb4d-4092-9960-b6558f1792ea,0xabb44b4892ad342b9571de7ff99b3b6dbbd6928d,Innovative reciprocal product,"Big argue appear sure. Benefit sell do outside process action. Less into per big prepare put.
Military onto blue activity require or subject.",30676.85,26002.439999999995,2026-01-07 08:49:11,2025-10-10 08:49:11,1
9bf734e7-5233-4626-b52e-ee6751fe99c7,22fab76e-502d-40d0-8367-8c11e0cc0be8,0x3e365acd2e8297416e13969062955ac924a15db1,Programmable optimizing protocol,"Down standard nice area. Crime customer training size game property.
Realize system not friend federal forget bit then. Many turn police. Level defense lose shoulder spring.",58427.69,106425.95999999999,2025-06-17 23:46:28,2025-04-24 23:46:28,2
48a7a171-a043-4be8-aed6-629a367b12f4,d0085a3b-3602-4da5-8169-a3f52bf54e13,0x0147bd7d27ca637c18f651a1e2138bafe01f5f00,Ameliorated context-sensitive firmware,"Story case pressure. Full decision lay hard.
Wait with young think. Budget third capital couple. Her hear outside with each animal pattern.",13640.87,18839.010000000002,2025-05-19 06:34:59,2025-03-08 06:34:59,2
e23d1f75-a60d-416e-a127-a5f88ba95e00,3795ab42-18ab-4802-ab8b-c824e5626584,0x73e0388745fb33b88fd260d554f3212e32a9ee46,Multi-layered modular model,Focus hear reason resource. Listen ok point so power debate thus. Tell how fill thousand number very hear.,18294.23,24040.19,2025-10-12 06:31:57,2025-08-10 06:31:57,2
9c6debfb-aa99-4730-bbcb-3fa2cfea1c78,ecbabcb3-67c4-40ca-9426-4b4942b21919,0x935ae51172afc9be5375036e8b5252068a0b26db,Implemented motivating migration,"Skill unit better author. National free push. Few spring raise ever relationship.
Treatment across federal state situation identify if. Serious activity pressure writer week tend dinner rich.",7285.67,7340.41,2025-06-24 05:01:07,2025-04-21 05:01:07,2
196f1d04-eef4-4c21-bbee-144cf840efb0,22fab76e-502d-40d0-8367-8c11e0cc0be8,0x2ffd370abc10e3865b46061304d638b9aadb2e3d,Re-engineered clear-thinking function,"Special strong fund industry rate idea single.
For age size two child. Nothing sometimes trial off hospital high. As hit little forget while police.",6659.46,7033.860000000001,2025-03-13 10:37:13,2024-12-14 10:37:13,2
18ba7117-cbaa-4233-9abf-de7f132b323d,b005b99d-ce79-4654-8297-741b9e8667e9,0xc6c5ff02640690c14e15ff0059f7c0874d7ba9e9,Advanced composite Graphic Interface,Church book movie long attention western. Candidate day it report little. Offer financial data respond learn cut yard knowledge.,49638.69,41015.67,2025-02-27 01:31:56,2024-12-25 01:31:56,3
e5fac23a-6a2f-43db-9d65-110065023e47,8019ac6d-18d2-43f9-b065-ea0accb3442c,0x91c7ca10f3c4ae5d04ce68947855f42fee896a3e,Cross-platform hybrid standardization,"Those citizen think Mrs project.
Training in seven building hard. Mean single improve close.
And ago police put left gas human. However action boy true force.",85497.3,63612.38,2025-03-19 23:51:17,2025-02-11 23:51:17,3
e7dd5081-8e3a-4002-836a-398ec88ee456,337bcc40-715b-407e-9a48-321bb78a2f3e,0x1eadaf3fc88131bce8dca0b958b5ecbc826d940d,Synergistic national data-warehouse,"Student specific political. Hospital final appear above. Short up hear draw before instead.
Star quite as when benefit structure.",20496.1,30318.85,2025-11-19 04:50:06,2025-09-06 04:50:06,2
6b84e4a0-c0e2-4f47-9c1b-be4d44d44cb3,5fc782aa-89fa-4dbc-be88-49472464c216,0x44c3cfc795ba5fc2dd2ebfcbfcf4f62224007ded,Advanced human-resource data-warehouse,"At spring practice hard attack. In should matter wrong Republican. Commercial where outside wonder recent question win.
Compare seven reach within project attack. Part one him.",60086.05,56221.79000000001,2025-06-21 22:14:30,2025-05-07 22:14:30,3
ac457a61-8b52-4375-9a7f-b0000994e8e7,c8217145-ca5b-429d-b3f3-a13b0491b405,0xf3bcb27e33c2ba39f620b58ffd60e07f156910a0,Front-line uniform policy,"Care fish skin always social increase. Seek director run garden day. Trade professor eat.
Their miss contain picture ask man west appear. Voice by community nature.",31622.87,47689.369999999995,2025-03-22 03:02:21,2025-02-20 03:02:21,2
9ade0b06-7e85-42eb-ae9d-097c6c8e5456,a4d661ee-b80c-49ea-bd6b-aa0df96011fe,0x84f77b7ca1e29fd83aa447a40a5a40297f25882f,Multi-lateral hybrid implementation,"Kid measure same set standard soldier after. Into bar trade feel Mr need.
Herself figure exist no lose. Carry light choice couple actually may.",11555.08,5823.09,2025-11-20 04:10:14,2025-10-02 04:10:14,3
ec77ff64-8c25-450d-b7d8-981cc5261a73,7f6e2cc9-b4d9-4f2b-b6c5-c47c341e731b,0x48c7359f117d680651daa5e83770ece2d5e56171,Total analyzing projection,"Save drug alone spend piece put. End lay race effect. Official production claim bring begin represent his relationship.
Travel then coach interview reality may mouth. Only safe sell under thank body.",31615.27,26624.959999999995,2025-10-11 08:28:12,2025-08-06 08:28:12,3
59feae35-14f7-40c6-882d-97bd7c58ef55,3ca4d9df-a59b-423b-b0ff-21876d19246c,0x8a426119f8cfc41d0dfc57f451ba4082ef5401cd,Organized non-volatile data-warehouse,"Arrive consumer service else total. Key tree body player bag beat.
Ask ahead doctor magazine set. Article seem account.",102542.9,198710.00999999998,2025-07-15 22:43:46,2025-06-15 22:43:46,2
3b85035c-bcf7-4b66-84d2-b0a55a90ba63,a4d661ee-b80c-49ea-bd6b-aa0df96011fe,0x998a3da196aaf3e26412977faf04561a8168f339,Robust bottom-line moderator,"Happy peace probably little including. About point walk focus plant.
Question do machine school soldier give.",21251.31,24235.019999999997,2026-01-24 00:00:03,2025-11-27 00:00:03,2
45099bb6-4969-4697-b14b-c92c0ce9e6d4,e4b748ea-b24e-44d6-88a7-029201ef2750,0x5354755d57b50bdc7a504229712755748d051dea,Switchable tangible array,"Year ahead upon force himself exactly. Program week provide program two.
Somebody four difference office. Ask gas travel sea rise president size whom. Speak difference break because become scientist.",105307.89,138335.64,2025-04-06 22:34:50,2025-02-06 22:34:50,2
c0873ad3-9b97-4250-b4d3-68b86c69e769,4acb6a48-da7b-4002-8582-8163bf1337ce,0x6b30f8b39f4360c09dc41f253ab70b6feae77acc,Intuitive zero administration hierarchy,"Professional opportunity blood across system firm staff. Student matter lay own certainly.
Floor maybe read event summer off piece democratic.",1604.0,1679.1399999999999,2025-07-31 11:48:30,2025-05-02 11:48:30,2
8b4043d7-dc97-453d-8e42-83857207816d,d70a48b4-4655-4484-92aa-582846362d1e,0x91bfa90a438f6ff3fbdaf434493d16c7eca916d8,Switchable cohesive adapter,"Front question wrong serious hospital month. Executive type red nature best. Sell oil source sure report leader.
Case receive fact certain design security same. Gun task big.",50106.32,40930.58,2025-07-29 21:56:38,2025-05-03 21:56:38,3
e81a2a1c-2660-4151-a349-9db981abe988,f51ba6a9-ab7a-45c7-a446-057ae856402c,0xd39cf1302b33c340b3e92e4d399a6f06c5657827,Self-enabling uniform initiative,"Budget however few. West present heart reality somebody probably sing ten.
Place knowledge activity bring business. Different only would look really behind or. Machine popular its number between as.",24029.73,21184.45,2025-07-01 05:32:19,2025-05-20 05:32:19,3
2d64ddf4-a010-41a8-aae0-a5ed8294c952,5df7e737-398e-4e50-a044-6ae6c8bc1316,0xc53a086a58b16c96c7b0d4a48f9d5eed51a29d00,Balanced clear-thinking orchestration,"Because either send be. Media hair name institution.
Feel watch mind situation process.
Officer reason mission worry. Paper member reach production and already. Feel strategy whatever own.",16333.81,22122.879999999997,2025-11-27 15:21:06,2025-10-09 15:21:06,2
ca04b2d6-8351-41d5-a90e-1144815d307c,d0085a3b-3602-4da5-8169-a3f52bf54e13,0xdeb5df31da784e0ec1319908c37e395574248c80,Upgradable encompassing productivity,"Nor positive memory clearly start first. Her who easy establish mother range.
Forget become training sing. Than difficult act help. Her bit understand compare rock.",24143.27,58903.96,2025-04-30 21:14:16,2025-02-19 21:14:16,2
05380577-6b2a-4d23-8fd1-e16671987616,5fc782aa-89fa-4dbc-be88-49472464c216,0x7f46f2b5b29c2824c1509031b237c27b746d57be,Public-key neutral policy,Or else rather require price central nothing. Apply rise window religious eat. Industry leader keep government light expert weight minute.,3018.25,5812.51,2025-09-27 23:41:40,2025-08-22 23:41:40,2
b537f1ae-a1f3-417a-a1dd-74cc94668dec,9f3a66ea-390c-4fd6-9520-46f9c847fc37,0xf378e0f36671bcd20e54044d82f421b90bd518fa,Reactive modular workforce,"Quality usually carry marriage rate quality.
If pattern treat second. Reflect see each school week statement. Range amount large collection us shake tough.",17682.45,24877.23,2025-03-13 14:25:13,2025-01-04 14:25:13,2
c4d388b9-e49f-4049-88c7-312e37bbebf1,f51ba6a9-ab7a-45c7-a446-057ae856402c,0xbf47d8bae1c3a9266ac8a4095c29f349712f6d75,Polarized explicit firmware,"Scene notice design. Upon where middle throw very.
Arm accept leave fear blue glass reveal. Great big man be method child. Tree according show economic. House federal into consider speech board just.",31480.15,67289.6,2025-03-19 12:36:54,2025-01-17 12:36:54,2
66f37b83-a64a-4116-8990-bd7ee7f14526,f753381c-7df2-41ed-8710-722386dd011f,0x5a7e5575c4923234812cce9cc7e0269b799a1eb4,Decentralized intangible matrix,Son research foot share think maybe type. Capital whatever society call general add. Appear stop involve others account.,96557.51,179445.94,2025-10-02 02:32:35,2025-08-18 02:32:35,2
61a92463-efeb-4ee1-ae47-c2daf34fb855,84d28fb9-3904-4b80-824a-fcb8b195de71,0xac3f9cbb79476fe6ca7464791df8f99e7b847a19,Enterprise-wide content-based parallelism,Director car although wrong. International pattern before anything. Modern record woman develop international article. Popular fight especially exactly go individual.,13117.86,18790.66,2025-10-30 10:22:48,2025-09-12 10:22:48,2
9e53e421-da26-4e41-a028-e755a01ee1fa,4acb6a48-da7b-4002-8582-8163bf1337ce,0xd0515e28528bb4417ab22b66638c1638e4836b13,Multi-lateral value-added time-frame,"Picture brother job lot model weight so. Out recent can animal. Article win couple sport manager mouth message.
Just meeting none hope. Even contain civil design recent these so lay.",9813.42,8280.800000000001,2025-06-28 18:46:26,2025-04-21 18:46:26,3
4d3fe292-99b6-479d-ab8f-18009a2873eb,300bcc7b-9419-4782-9ecd-a191ea991a76,0xcc0bd6373f90aa7e3b2cf171329adfa5ff0d3e7f,Customizable 24hour projection,Painting hard bar relationship near reveal impact particularly. World personal action green room evidence. Will Mr without sing sister.,13336.27,28636.469999999998,2025-12-10 12:46:11,2025-10-18 12:46:11,2
eec38d8a-ce5b-4e88-b7a0-6e494f68fbe9,6bc8381d-3be8-4ee5-b96e-429946f93e02,0x4ddd261b3bdcc15a946a95133352180d754dfaaa,Digitized mission-critical array,"Least spring computer now. Positive again clear concern. Reach could century interview lawyer population.
Right case seek activity. Help again step shake. Car show environment.",55017.25,66674.02,2025-11-08 19:30:26,2025-09-10 19:30:26,2
869b35b3-4561-466e-bbbc-889722b9441a,1f6c1952-4b79-4f83-9eec-1746b8a5d643,0x33e3b017e598d16e99116a3b37769cdcab627df0,Synergized human-resource software,"College body big what ground past brother. Time page concern most.
Quickly change project feeling. Give billion trouble product usually. Small technology within sing. Floor hospital return size.",30599.87,50736.41,2025-06-10 03:37:49,2025-03-24 03:37:49,2
4c634277-0cc8-4c4d-9bed-7313cf526b8f,3795ab42-18ab-4802-ab8b-c824e5626584,0x3584370d9cd099b017d90f264a8d4aa3bd7e69b6,Public-key modular monitoring,"His ok instead official really. Reflect dog able yes admit. Listen card body treat guess support single.
Leave structure necessary use inside. Still argue case while region.",12968.0,19022.65,2025-09-04 02:14:34,2025-07-04 02:14:34,2
f839bd41-4320-486d-9bac-eadb2112d0c2,1363216a-de64-4022-a09e-73211ecd0d95,0xf6cf6d28bf929313fa0a57d27bc344d0aca8c1b4,Operative coherent task-force,"Sea security recognize federal in front sit. Expert choose thing.
Seem me action strategy quite then never stop.",36800.53,43781.51,2025-02-21 14:19:50,2024-12-07 14:19:50,2
b8d53fce-ac91-4a16-bc2c-69668a5e49c2,5fc782aa-89fa-4dbc-be88-49472464c216,0x47284bb9fbc24174b262a341ddd1bb8ce921f70d,Future-proofed bi-directional benchmark,"Owner suggest agreement executive must assume. Action travel could cut upon drive be now.
Worry low answer behavior final wonder seem.",24271.97,58590.27,2025-09-17 21:13:07,2025-08-10 21:13:07,2
ed3b820d-4486-44da-a6f0-ca02a2a7d190,22fab76e-502d-40d0-8367-8c11e0cc0be8,0xeb00126630065ad998e59a229983490e0a1283a0,Synergized solution-oriented circuit,Might rock prepare us game size fund. Perhaps vote always require raise dream.,58025.91,65851.37,2025-04-23 16:25:10,2025-03-02 16:25:10,2
25e60e96-511c-4d47-ba08-7594edb0bd06,22fab76e-502d-40d0-8367-8c11e0cc0be8,0x6869cd71276eb3741f89dfb8e6950e0ac72b2c51,Multi-lateral executive initiative,True can happen suddenly weight health radio media. Theory yard amount within arm. Record night choice black heart.,10915.59,18771.48,2025-08-19 15:00:35,2025-07-11 15:00:35,2
025f6802-8028-4d8d-a2d2-6a455725d705,0675aa42-8db9-441d-af6b-f47fd9469a29,0x3283bee6546df12a8a3d736920e77961a47e9f1b,Grass-roots logistical alliance,We certainly degree nothing. Similar artist speak smile without degree deep age. Establish player base attorney if fear.,15872.41,6795.93,2025-10-22 15:18:17,2025-09-16 15:18:17,3
314d178a-bdcf-4fe0-9fdc-56f6c231dfb5,e9ab5d26-0199-4278-b6b3-b61364de95e7,0x4045d85f2882582e70d6e672dab9556c0d7e05f5,Right-sized dedicated archive,Certain professional statement same stay run add to. Material first society purpose. Minute about late strategy call. Police official already second could recent similar.,14881.76,24544.699999999997,2025-12-28 09:05:32,2025-10-18 09:05:32,2
95f4498e-6bef-45c7-86c6-e97b4047145a,6bc8381d-3be8-4ee5-b96e-429946f93e02,0xbc7a9d124d23fe02d18047058b6546200c30496e,Total regional attitude,Bed administration usually billion. Until between know ok allow face inside development.,5097.4,5346.02,2025-08-13 15:45:59,2025-05-21 15:45:59,2
dd00d74d-9b53-492f-9c9f-5c6d3520b4fc,5fc782aa-89fa-4dbc-be88-49472464c216,0x5bc65b801df91d17f23acb699d58c4ffecf6bcbf,User-centric radical functionalities,"Where year drop wind. Pattern hotel appear use investment. Within community tough military join between.
Brother officer hot several true study city. Data behavior join pick order agreement.",29617.49,42717.76,2025-12-17 06:34:15,2025-10-25 06:34:15,2
90905dfa-a30a-4990-ab47-b9dc9ab96bee,d70a48b4-4655-4484-92aa-582846362d1e,0x8dfb5da5f083313c5ffb23b3c196009cb8060c6a,Customizable logistical policy,Center energy Congress back. Tree debate beyond somebody including main.,28596.95,17082.61,2025-08-18 18:00:21,2025-07-15 18:00:21,3
8d624361-c9f7-4f85-9e57-70bfad9fc69e,d0085a3b-3602-4da5-8169-a3f52bf54e13,0xf89fe6086262ca2b403a3d056a5e17417575f490,Multi-lateral bifurcated data-warehouse,"Catch base reality call event current.
Remain present level speak job watch. Economic cup suffer response which.",22139.39,11537.59,2025-04-24 21:59:52,2025-01-30 21:59:52,3
9a100b3e-c67e-4d1b-9c5f-49a41c36ca63,ac0e10de-9108-4121-b797-1d556d9262df,0xcb2d48f6144536f678662cbde9da07ef4c0d98e1,Cloned local concept,"Education important page theory wear most huge.
Speak investment control early. Prevent head single business five.
Degree nothing focus discussion at exist.",17420.67,25084.719999999998,2025-06-02 23:35:39,2025-04-26 23:35:39,2
1d3f2552-b807-41b1-ab98-ff4711a57f33,a4d661ee-b80c-49ea-bd6b-aa0df96011fe,0x576e1286a744499a2b6aebee10f84414b8116dd2,Operative bottom-line capability,"Over option door again. Popular task write. Expect success idea time truth although population.
Believe sort rich ever send hundred news. Management another fear worker management political.",5348.81,4256.13,2025-02-11 22:09:41,2024-12-20 22:09:41,3
875c6466-71f6-4ea0-bdd7-70c985fbfdee,237e2d37-0c2a-4cf0-ab66-6497c0b01ad3,0xcf4b693127f1c5f6101cd0e2ed344affb4f20187,Business-focused empowering toolset,"Answer fight enough reach.
Recognize understand on build floor. Send thousand whole including. Property miss drive long majority exactly significant.",14463.08,12905.68,2025-02-20 16:05:12,2024-12-04 16:05:12,3
0a4d2f69-cdb2-4f2f-8e88-56ccbe8098a2,5df7e737-398e-4e50-a044-6ae6c8bc1316,0x4e262501c0687bc7a775b0b6fa514417f5e04e11,Expanded optimizing task-force,Teach set find law child mean trial. True history laugh per data. Could everyone clearly film thank possible.,15635.28,16698.91,2025-08-02 03:12:58,2025-06-10 03:12:58,2
de304f0b-9ab9-4404-a6ff-f727aec17c33,4acb6a48-da7b-4002-8582-8163bf1337ce,0x03289a6bc15d79c459e6422e7e90089d4713adf3,Future-proofed holistic attitude,"Rule institution family idea order morning.
Item race position where detail apply along. Draw mother every third record. Hot big safe they environmental day.",9874.62,15972.779999999999,2025-06-05 08:42:27,2025-04-11 08:42:27,2
edf2450a-4e9b-438f-a3b9-f93d0830de59,4acb6a48-da7b-4002-8582-8163bf1337ce,0x69a180354dbf250fb970e6a5cf6a46c097722019,Synchronized methodical interface,"Concern enough baby. Order wide on. Their line and admit quite fact direction.
Sense simple beyond sound. Laugh same wrong either main hair. Still feeling free.",18745.6,9881.77,2025-02-25 20:00:55,2025-01-26 20:00:55,3
815a3aa5-fb4f-4c81-9213-dac4f114a6c4,84d28fb9-3904-4b80-824a-fcb8b195de71,0xea43f7f7b737c8912782b0de2ec3be4ea6a47ee9,Organized multi-tasking conglomeration,"Thousand hospital individual yes finally American. Reduce street but somebody note society get.
Material rate letter. Model face newspaper class.",32993.01,13571.3,2025-09-16 09:01:08,2025-07-02 09:01:08,3
9af41051-2d11-4eb8-9d55-c37132ee390a,32b58d9d-7378-4faa-8f99-37b1aaf6059c,0x54eec3fc6c496d3464bea36fef17c986eefb7c24,Synchronized zero administration open architecture,"Require central run it. Fact allow usually eat.
Human tough throw turn others community. Quickly follow official raise current career. Current figure father until leave contain site.",145246.26,161659.5,2025-12-16 17:12:51,2025-10-03 17:12:51,2
816ac900-747f-4e6c-8f71-79cd1b25f929,5ce35111-af86-408d-a4a0-a2b47c2a069d,0x63ba0ad8798f11e76747d09bbe7ca0d7245f276c,Re-contextualized explicit application,Idea accept space themselves. Stuff be establish worry blood organization state. Loss former article science purpose school apply.,26227.87,30105.700000000004,2025-09-06 21:08:30,2025-07-31 21:08:30,2
cd774b40-4bdc-470e-a18b-19b7608c53e1,93fa61d7-5b0f-42c0-a78d-40bdd49b176b,0x813ef5af69be948824b9cb8418a4db814f090d9e,Robust bottom-line model,"Daughter listen strategy kitchen argue. Feel low contain dog.
Start race teacher pay it. Continue stand price. Memory record customer lose.
Where manage property hospital. Less spend challenge exist.",28496.89,18703.43,2025-03-09 19:50:21,2024-12-28 19:50:21,3
48d74aca-722c-41ca-adb8-b96ef1b9cc89,84d28fb9-3904-4b80-824a-fcb8b195de71,0x1711d1808b493bee07cd0a729ea10ebe8375a9dd,Expanded grid-enabled strategy,"Message company charge pretty none least. Everything several field hour. Heavy line probably office until simple moment.
Open oil once stop attack ahead. Discuss professor material quickly.",20446.24,10385.17,2026-01-22 03:01:58,2025-10-31 03:01:58,1
109bc1cc-7775-4580-8bf8-48c035ea641c,6bc8381d-3be8-4ee5-b96e-429946f93e02,0xf9e858889bb4b0557dddf855745e286c9da7ef6b,Self-enabling 4thgeneration conglomeration,"Recognize help writer off. Cultural make quickly different score. Sport speak court old pick protect.
Special throw growth. Nothing ten future radio whatever rock.",3233.2,6123.87,2025-11-15 04:59:09,2025-09-25 04:59:09,2
54b27d5f-37da-48fa-9896-b1440cf50644,e4b748ea-b24e-44d6-88a7-029201ef2750,0xefaa089bfba79c6f99524cb2a4676ec14302dab0,Ameliorated directional frame,"Reflect attack the why avoid offer. Use matter human arm recently book likely.
Allow instead customer. Cause natural safe under.
Management south nor particular strong. Generation audience indicate.",21450.13,36560.06,2025-08-29 08:19:09,2025-07-24 08:19:09,2
c01ecb0a-fdb4-467d-9e06-2f9ff6323bb8,b84651b4-2668-4375-a12c-97f0fca26b27,0x526f4c1be93aa442d28d9fa5febffcdc84ff2428,Multi-tiered tangible capacity,Near break brother past tough goal. Job around discussion open dinner section. Nothing yard address rest spend baby camera.,23393.89,54057.66,2025-02-27 00:00:50,2024-12-23 00:00:50,2
a20bf090-8d66-4966-b876-75543c4f56f3,84d28fb9-3904-4b80-824a-fcb8b195de71,0x40a840e54678f4b2d8e057cf8362c3e4339d90bd,Face-to-face leadingedge structure,"Sister fall president money environment recently. Bit get improve wear main bad treatment.
Figure need but right small. Within recognize practice. Well again student establish open feel whole.",258652.85,79133.84,2026-01-17 08:38:34,2025-11-16 08:38:34,1
8de24c3e-ab1f-4e87-a0c7-2d8f964b2cc1,d36bd1f7-c827-46b1-b54b-32a11b4f84b3,0x3b4ecc53d3feb26d2d89f8739aa5a6d83f8b6be7,Assimilated real-time system engine,"Special opportunity serious game stop. Tend site up sell southern network. Teach visit less occur nothing.
Class high second under car. Exactly radio ever. Side fast number although ever.",18172.03,21210.89,2025-08-19 01:38:02,2025-07-01 01:38:02,2
78b97abe-0874-4b7b-833a-dc7fe4a582bb,7f6e2cc9-b4d9-4f2b-b6c5-c47c341e731b,0xe28304241b0fb303f179f68975a3b615e69b635b,Realigned didactic installation,Voice everybody particular finish ask conference she everybody. Camera piece chair peace anyone boy although.,29778.66,9863.4,2025-06-21 01:34:36,2025-04-21 01:34:36,3
8de3512a-7d3e-4f3d-ae7b-5c0b126ebe6a,3a419900-fc25-458a-9578-b8d2581810d6,0x4cf04021bda0dfdeee7d33d590d390842978c7f3,Synergized intangible archive,"Central force small friend impact. Likely wind perform civil and us. Agent participant space member sit meet ok general.
Store allow risk high young bad. When yeah not young.",21275.01,32139.989999999998,2025-06-19 06:36:14,2025-04-08 06:36:14,2
215adf86-4fc7-4f3f-a93b-7bd01322cd86,cc2fd67d-f666-44b4-a399-dc67064b020d,0x5ef0a9e0880486bb6489a8f4b8d34bb0b4387645,Focused non-volatile capacity,Simply imagine once catch employee. Game brother impact measure chance. Plan significant tonight then administration building enjoy.,6845.33,4555.37,2025-08-12 02:42:54,2025-05-26 02:42:54,3
8bb33104-3f03-47c3-9ebc-177a09227c58,93fa61d7-5b0f-42c0-a78d-40bdd49b176b,0xf71d9c683720d3fda0507ff4f878d64e80aec74d,Self-enabling local support,Serious record safe rich operation. Base time order have power here just. Reveal evidence significant discussion manage answer military.,69066.34,127090.79000000001,2025-07-22 02:02:16,2025-05-26 02:02:16,2
086a9ade-cabe-4f29-aec5-37404d4b50ce,ba47b8b4-eb4d-4092-9960-b6558f1792ea,0x01466e7a413648e303298d79fdba097f3ad1a946,Fundamental real-time system engine,"Project cell deal stuff senior. Out always three.
According strategy ago data walk. Interview know call law truth respond try. Know it enjoy ten.",46720.25,24153.260000000002,2025-05-07 18:50:50,2025-03-24 18:50:50,3
97fbb3d8-aa9f-4235-9b3d-fce40542c3e4,d0085a3b-3602-4da5-8169-a3f52bf54e13,0x6c611d7d1005cc2d64918287c959e789459cbb84,Compatible tertiary solution,"Item usually some. Couple newspaper study personal we physical. Carry heavy wall pull enter.
Sport safe executive cup then week tax. About attack newspaper decade concern.",48583.15,18927.35,2025-08-05 22:05:00,2025-06-19 22:05:00,3
a1e0e10f-e22e-4a44-97ca-6d58b25dd7fb,1f6c1952-4b79-4f83-9eec-1746b8a5d643,0xa709f01fbfce1b28debc6a25afc99af61d82bd32,Operative local Graphic Interface,"Break let five box recent relate. Style tell over reach ahead environmental Democrat.
No follow push in. Interesting end area magazine despite player. Final important occur.",8871.62,12071.529999999999,2025-11-17 22:46:38,2025-09-21 22:46:38,2
0aff4f07-e115-454c-8342-d0fd812811f4,c8217145-ca5b-429d-b3f3-a13b0491b405,0x4674094cfeec670d23ecd98a83239e265a3c33c1,Visionary neutral architecture,"Decision movement world study how responsibility face.
Former democratic safe vote already after. Bill huge machine church feeling discover significant.",89571.67,137278.24000000002,2026-02-02 00:36:59,2025-11-22 00:36:59,2
90bf555b-ead2-4005-bfd3-53694339ef99,1b52ac8a-0720-4962-a2fc-84a5a03ba701,0x9a7943aa2dc79fb10c285863566d45d373c1796b,Ameliorated 24/7 synergy,Try believe open hospital story teacher size interesting. Few learn between. Likely fact behavior whom night low traditional.,5421.61,3594.13,2025-11-28 19:58:56,2025-09-24 19:58:56,3
bbcfe9ce-1193-46d2-8ee3-29bdb700bebc,d0085a3b-3602-4da5-8169-a3f52bf54e13,0x8d4e876ac2bd8fd2952518ca2f0c1776cc02410e,Expanded mobile parallelism,Center pattern list rich. Set arrive management in scientist strong already.,39610.8,57225.36,2025-03-24 19:07:12,2025-01-08 19:07:12,2
35afc88c-db36-4837-8929-d179fe99d9cc,7815691c-470f-4e46-9eb7-1f2db87b47af,0xa8a8be3b401327dc055d7f6b0a0c3ec3f4243a5e,Customizable 5thgeneration interface,"Phone modern cause them. Human father itself family two quality. Follow threat nor coach face rate sort.
Page line decision form section you until. Modern stop act indicate. Like year accept reduce.",196900.86,411361.13999999996,2025-06-30 16:46:09,2025-05-21 16:46:09,2
1e929e96-4e99-440f-8ab3-ae1e43e4868d,0675aa42-8db9-441d-af6b-f47fd9469a29,0x05cdf5e7502d7fc20fbe24cf8a16f7bc8ecf220f,Grass-roots executive interface,Happen short various night political. Back check room evidence enjoy. Camera mission population him. Sign option everyone southern the protect list.,8180.13,10686.560000000001,2025-03-08 05:43:34,2024-12-08 05:43:34,2
5db2ce3e-9848-4ea6-849d-2698fdae4054,cc2fd67d-f666-44b4-a399-dc67064b020d,0x261e50be7c1bdfac8a34a4acbe73fe6d0eaf7a3c,Innovative motivating task-force,"Nice help history listen find. First back painting degree coach plant everyone.
Night majority smile rate newspaper itself. Concern term talk side generation interest.",12502.73,42253.45,2025-10-08 22:48:31,2025-08-17 22:48:31,2
543c0f04-eb09-43d7-978e-b83a704e8174,d0085a3b-3602-4da5-8169-a3f52bf54e13,0x0f6a80c632868cc89a08cf9575cdbe04c0e3b626,Robust responsive knowledgebase,"List themselves seek space. Hard party require. That capital information suffer.
Pm artist best name work create. Scene four public tonight today college worry reveal.",24334.52,27384.53,2025-11-09 14:33:00,2025-09-07 14:33:00,2
94685e26-656b-4ea7-b4c7-de083435d3d5,dad8a2f4-ff3a-44e8-be60-921fb7b262a4,0x4dc4fde6acff4dd74b20492a6f368c378988bd67,Monitored bottom-line Graphical User Interface,"Structure beat us because truth consumer beat. Option whole short small design hear. Theory wall film race.
Financial here expert everything. Firm difficult could third computer far recently.",13313.37,19497.36,2025-06-14 14:17:36,2025-04-02 14:17:36,2
23a13fc8-6f68-482c-b614-25d1f260eb44,f753381c-7df2-41ed-8710-722386dd011f,0xd1883266f743097bcc980492f9577c64cb72980e,Stand-alone systemic utilization,"Garden why necessary sea especially. Significant election life all boy probably cost.
Only head help open almost red picture. City little from.
Tree fill level control. Keep pattern order.",4671.97,11044.349999999999,2025-11-08 10:53:29,2025-09-01 10:53:29,2
70e10726-92e2-49ac-a371-6d2ae26aff9e,7815691c-470f-4e46-9eb7-1f2db87b47af,0x573e429d43e9dd8430774c72212e1d1d415d937b,Total multi-tasking customer loyalty,"Candidate four whether wife. Society center get how leave. Customer common film continue.
Bed each range suffer hear local. Beyond near hour defense line heavy.",23589.64,6137.66,2025-06-17 11:39:51,2025-03-29 11:39:51,3
c668331b-6f42-4333-8e90-83c5c28dcbc4,5fc782aa-89fa-4dbc-be88-49472464c216,0xb7d3fe21a9b4e0334c5e6be4b2650706a524bab9,Seamless radical system engine,Population catch could deep. Behavior himself conference character find push. Alone when instead clear radio strong let.,7613.64,5108.49,2025-08-30 11:56:16,2025-06-15 11:56:16,3
8aa31ea0-b4a5-4f9c-a69e-c8fd000cc9e4,d0085a3b-3602-4da5-8169-a3f52bf54e13,0x9bfd9b223f5ef2d878a1990e0b1dfd3c27309591,Sharable bifurcated portal,Health list friend movement half size wonder. Service that bag according way remain election. Spend road lawyer any example business majority.,35369.05,68904.44,2025-07-31 19:08:30,2025-05-16 19:08:30,2
65ad06a7-9ab3-4581-98e7-3ccd8cf09674,b005b99d-ce79-4654-8297-741b9e8667e9,0x829c1e343fedd0e47f6a3567641ea7586c9c2a06,De-engineered upward-trending circuit,"Throughout generation leader pay try tough. Notice American force although participant rich speech. High woman bad until.
Husband contain section return sea bad. Whole soldier number yet past much.",8783.02,8045.74,2025-02-11 09:24:12,2025-01-04 09:24:12,3
b0e05f1d-37b1-49d7-ac89-f8028a2b5ab5,1f6c1952-4b79-4f83-9eec-1746b8a5d643,0xc8ed1274229bbc0311453e657dc5f93a935536d6,Future-proofed 24hour installation,"Site price ever. Out wish fish determine adult foot as.
Step onto play forget home upon actually future. State charge take material mother color.",103770.23,352702.38,2025-03-16 03:29:58,2025-02-11 03:29:58,2
d5648fb9-6b62-4e20-b140-7e2d36efb1b7,ba47b8b4-eb4d-4092-9960-b6558f1792ea,0xedcb950e36601ff1a390f2c06e5aa7e8d8db5ec4,Pre-emptive disintermediate implementation,Her we but how. Yeah number condition city since. Nearly goal design too everything side.,10064.27,7976.51,2025-04-25 00:03:17,2025-03-23 00:03:17,3
0efc7a2c-d5ce-4dea-9f8b-8c358e5d7014,b8bc32d6-d902-4877-aea0-364950e4960e,0x924f17ba2876e6ed0ef4fead25d49c28158c6378,Sharable 4thgeneration process improvement,"Particular me ball number. Watch foot economic notice line before.
Sea third pressure. Memory cover tree leader rich dream line. Follow fall thus debate leave.",15961.56,6461.38,2025-08-08 04:35:06,2025-05-14 04:35:06,3
3e61728e-d8c7-42f0-93f2-1930f4089d43,f51ba6a9-ab7a-45c7-a446-057ae856402c,0x604ef93e620d84c43023c3a22635c34af7c575ba,Programmable methodical info-mediaries,"Whatever third Mr respond parent writer. Just still art.
Guy respond memory. Investment buy certainly energy stay send. Reveal hand prevent center.",49687.92,36669.11,2025-09-28 14:57:02,2025-08-24 14:57:02,3
1d2623ae-c1a3-49dd-8cd1-33c9d434e947,c8217145-ca5b-429d-b3f3-a13b0491b405,0x02ca890f654e21c9d57add213fc040ceb3ceee59,Virtual client-driven circuit,"Ago they nor research fill. Nothing fight require pull. Season reason chair factor.
Pm agreement deep field once. Hair meet thank might local. Win popular onto may.",6432.61,5839.35,2025-05-22 16:00:08,2025-03-19 16:00:08,3
36ca001b-2811-44a1-a3cb-e1e84baf81df,9f2a30af-f8ff-478a-945f-4bd6c212a006,0x05bf1b89b28e545b7ac4697c635c34789c139b9b,User-friendly zero tolerance toolset,Scientist hair allow phone weight. Attack network movement scientist their wife argue. Mission each something consumer view tax direction.,27652.18,68782.4,2026-01-21 17:22:37,2025-11-19 17:22:37,2
52641dbb-4f39-43b2-a600-c7f1b6d8c7e8,93fa61d7-5b0f-42c0-a78d-40bdd49b176b,0x90743b1ef8c8725167b336ac504ab178d74a1bd7,Sharable asynchronous customer loyalty,Kind live between operation. Maintain notice ok technology born though since crime. Sense yeah edge imagine establish piece forget low.,81400.99,106614.76000000001,2025-12-28 05:19:23,2025-10-02 05:19:23,2
aeb42e30-49da-4c1a-ae02-b273a4bd43ee,9b787e46-b4c4-4563-8117-b972c339f284,0x1a1fdec6df9518ac574d42c8b0969678b0d55ae7,Synergistic exuding attitude,Point Mrs consumer single several degree. Figure short line range until decision public. Choose short skill system particular church.,4413.91,4535.01,2025-02-09 05:05:18,2024-12-28 05:05:18,2
f364c33d-3b59-4c21-b63d-59d78785c5f6,f753381c-7df2-41ed-8710-722386dd011f,0x9701dd479d9f0224f3b2512ffdd11dbe62f16bdd,Devolved logistical throughput,"Stand dark product. Far health focus so for.
Something pay key ever avoid. For look return like. Sit hope where.",26492.95,46270.21000000001,2025-06-22 12:12:29,2025-05-10 12:12:29,2
434cc5b7-8ff8-407c-ad27-58020c5107f0,5fc782aa-89fa-4dbc-be88-49472464c216,0xfd238b3de2c77bbbc125a3746730294f6af79b38,Re-engineered dedicated open architecture,"Early of several end most fact. Cell show that.
Toward knowledge this contain life leave. Current will else page usually cell. Interview south something story art writer.",28563.44,44801.86,2025-03-27 04:02:31,2025-01-30 04:02:31,2
3a113635-95a7-4161-90de-72e8c74aca05,5fc782aa-89fa-4dbc-be88-49472464c216,0x6f61d5db419ec549d2ae8fd40542b26b9178bc8b,Visionary systemic Internet solution,Later thing school practice authority possible fund. Sit science way threat husband family perhaps.,48137.79,109842.41,2025-04-09 21:13:48,2025-02-14 21:13:48,2
57ddea57-cee9-42e3-8cf6-909f5911da0d,9a812f36-1ba5-4b73-8be8-4ee33db6eb51,0xc0896389de9db0c2305a9db4e9b731a498b12a5e,Robust 6thgeneration time-frame,"Give attorney that up probably cut clear. Do turn sign agree there.
Street heart know season. Herself land human day herself. Behavior compare tree right.",6393.58,6731.929999999999,2025-04-06 22:27:12,2025-01-10 22:27:12,2
ee42fac8-5df0-442a-807a-54ada7e7335c,f753381c-7df2-41ed-8710-722386dd011f,0x49c2c4e0f9045402b98121da0ddf25f0d0174037,Multi-tiered intangible initiative,"Growth finally assume watch present director. Practice special then administration.
Animal suggest concern act million cell. Several article sort term produce he increase.",5881.36,2727.13,2025-07-08 05:08:51,2025-05-29 05:08:51,3
59f36eab-b279-4ee8-b9eb-08174d49eb40,f753381c-7df2-41ed-8710-722386dd011f,0xd8edc03b3ab6295d364a83a00c7e88db82427724,Fundamental regional Graphic Interface,"Former threat alone.
Another help out modern citizen address. Begin write both little work.
Care owner PM find light total. Follow music whatever protect. Local see system cultural.",37121.13,29185.79,2025-06-15 16:21:29,2025-04-26 16:21:29,3
2de7e2b8-a26c-4803-a6c3-aac482b6c9c0,1b52ac8a-0720-4962-a2fc-84a5a03ba701,0xe3ff6a1e56bf9755bf1a7cccd2823b31b29efb7d,Synchronized optimizing model,Write entire tonight foreign hear certainly say. Security son place. Woman add play structure down.,29643.1,86389.24999999999,2025-10-14 16:00:05,2025-09-04 16:00:05,2
5ce6f7bb-0c67-43d4-926c-0339a85b3732,9a812f36-1ba5-4b73-8be8-4ee33db6eb51,0x5e2f67c1f67a756068cc8593918e1ee1a13eb0c0,Mandatory well-modulated model,"Site interview agent myself. Dinner leader book nearly.
Their film job worker. Whom will consumer star.",28296.48,71142.12,2025-10-11 07:57:00,2025-08-17 07:57:00,2
68e17f1b-70c9-425d-8c99-92f77e167759,7f6e2cc9-b4d9-4f2b-b6c5-c47c341e731b,0x0ec975b6562434709da54186a21169e2b26e8b3d,Seamless interactive customer loyalty,"Where we fast. Will throw life carry visit a edge.
Decade safe order at sense. Century state share southern. Hospital city industry option eat.",31146.22,26283.510000000002,2025-11-21 20:26:05,2025-09-06 20:26:05,3
7ccba093-51e8-4755-bc9f-b120f15a1c95,b84651b4-2668-4375-a12c-97f0fca26b27,0x00ec1c4df1b416efb6fb4ab416ba9fa25cab2720,User-friendly reciprocal knowledgebase,"They senior result themselves. High through both.
One then reality some serve different. Become rule where ten. Thank professor student white instead.",11158.71,11404.79,2026-01-09 01:51:56,2025-10-18 01:51:56,2
b1670395-99e8-44e0-9748-48575b6b0549,0675aa42-8db9-441d-af6b-f47fd9469a29,0x363d473ce61306681dc9834c2b82bf14377394a7,Optional static flexibility,Night study heart million understand him own. Study poor better believe whom draw oil remember.,27785.06,50707.450000000004,2025-08-11 23:32:29,2025-06-12 23:32:29,2
e1dd7133-8e4a-4ff4-8f7c-b52314654d6e,fef8cbd6-21ac-4278-b607-e893eb5ab49e,0x0893a3585059233e1a1f9dab0b35c15a863648e8,Multi-channeled dynamic focus group,"Foot recognize play. Decide side natural focus. Send sit common matter become goal.
First figure trial bed image. Market control him enter religious go south time. Where follow born ok.",29527.36,73030.37,2025-12-14 13:46:35,2025-10-16 13:46:35,2
7ed56253-e4be-4fc9-b1c5-c8813f38d3de,ecbabcb3-67c4-40ca-9426-4b4942b21919,0x04dd37ae0358b26522e99941e9dda9d7e4fa6a5b,Synchronized even-keeled algorithm,Street work early difficult possible. Certainly father who tax low. Increase necessary nothing include summer ok.,10782.16,6696.72,2025-04-17 06:01:03,2025-03-08 06:01:03,3
4315e6e5-2bd8-47fd-8494-24a42e18b2a3,5df7e737-398e-4e50-a044-6ae6c8bc1316,0xa52de2d3b714e9e52a9012c4a57be5fe42964bc6,Face-to-face maximized flexibility,"Least just opportunity. Well commercial nice next. Time live relationship as.
Western everybody edge to. Require make region. Worry Democrat laugh Mrs.",142311.63,52783.880000000005,2025-08-19 22:21:46,2025-07-05 22:21:46,3
d6c74f5b-e24c-443e-9cca-a83a89d3ebd3,3ca4d9df-a59b-423b-b0ff-21876d19246c,0x6917c09f808ec5c804ba715d797d80ee66e4da3a,Diverse upward-trending core,"Similar writer structure ahead up rock forward behind. Off we hold imagine recent catch.
Benefit great religious these. Before employee customer goal positive bank later. Model after paper word.",35377.56,59210.40000000001,2025-09-07 11:51:45,2025-06-26 11:51:45,2
6d7cd6ce-576c-4859-b8a8-91b0bf02a711,f753381c-7df2-41ed-8710-722386dd011f,0x62059d9a35994bf976adba4a2b5f6e34b68b6b39,Synergized coherent policy,Computer key suffer sign medical sport knowledge. Although Mr when wait southern find fact give. Operation cold between cover.,6692.19,3158.22,2025-06-11 19:58:27,2025-04-15 19:58:27,3
a9939c85-efde-4fea-9e30-ab3dde9c1f36,0675aa42-8db9-441d-af6b-f47fd9469a29,0xb946f486d73269a50e0aa3d2cee17b77d4f4a274,Polarized stable strategy,Summer before pressure treatment. Offer mother hour national cut fly language. Fall phone identify help make. Bit night participant fill yeah side side.,42470.02,70707.70000000001,2025-02-02 12:26:49,2024-12-25 12:26:49,2
1e8f506d-08a7-4f67-b5fb-df2a0353683e,9f3a66ea-390c-4fd6-9520-46f9c847fc37,0x322fd70e0f83c6cbd1726e6605e1e6b34084efaa,Synergized intermediate support,"Support meet race and Democrat lead control. Republican authority data deal policy. And high too.
Above drive sport story worker. Step head study and center east.",8310.86,13408.81,2025-01-30 02:45:43,2024-12-23 02:45:43,2
1b0bb889-c423-4344-a91f-ac8ad3a29aa9,cc2fd67d-f666-44b4-a399-dc67064b020d,0x8aee2d60ec4c730e7fa03825bc919d204d1e1048,Pre-emptive eco-centric policy,"Realize among short can ready audience boy city.
Contain force want either. Expect expert talk end set house. Wear never marriage camera yet.",48391.75,59607.43,2025-03-23 08:15:55,2025-02-14 08:15:55,2
dac40f7e-a50f-419e-a613-b2d113f648a5,b8bc32d6-d902-4877-aea0-364950e4960e,0x2c3bd402ee94ba7b8cd629ac1edcab263a432353,Stand-alone analyzing infrastructure,"Water measure different physical. Price keep the attorney early more. Claim natural fish born assume million admit.
Have century billion do high none. Shoulder build different pick nor available.",70164.35,130900.86000000002,2025-08-08 04:30:44,2025-05-31 04:30:44,2
042b5565-37b7-4206-8020-7f5ed36e9db7,9c9dea8e-8c4f-40ff-8f37-2834cc75853f,0xa9e242c38c807ffc00e52a1a0292d61f80b37a1b,User-centric 3rdgeneration Internet solution,"Amount improve they surface. By phone decade image third leave.
Weight less full program card morning. Describe course create them process. Guy leg television society hear fill hotel like.",9694.54,4339.96,2026-01-25 06:16:59,2025-11-10 06:16:59,1
c9493b51-877b-4228-82ea-14e6c08d4e3e,237e2d37-0c2a-4cf0-ab66-6497c0b01ad3,0x6c3858738af6307c7914242f01201b134608b0d1,Synergized non-volatile throughput,"Offer song character first early school. First usually partner same then put skin.
Across television apply. Finish top data character.",57720.99,152576.15,2025-05-07 21:33:24,2025-03-18 21:33:24,2
5774e7b4-1ad7-4736-a7da-c075ca301b29,93fa61d7-5b0f-42c0-a78d-40bdd49b176b,0xac4899acfe6b8b81485e94b891c74225adaf36e9,Secured incremental complexity,Pick record example summer economic box war. Best always they list local short. Read stand us once consider thus wife water.,33282.3,15807.47,2025-03-15 17:58:30,2025-01-17 17:58:30,3
7fa0e289-87ba-4440-8a6f-0d776d60498b,9f3a66ea-390c-4fd6-9520-46f9c847fc37,0x5c382c800d7a97d089de56df499cdecb582c985a,Reverse-engineered intangible concept,"Court exactly minute trouble majority. Appear draw fill large. Front evening yet prevent process four.
The unit action off.",50114.22,80755.95,2025-02-02 22:44:46,2024-12-08 22:44:46,2
881dd3a1-511c-4768-802e-02d92419ca96,19cdcc23-e326-4705-801d-91c362c3ecb2,0xb6c5ba2d5013c15d5e20987f36b21da63c9609cf,Ergonomic mobile forecast,"Tree try be program. Technology time age campaign seven drug.
Assume occur down beautiful away rich. Thank pay choose personal the leave.",146795.1,165378.95,2025-11-30 00:41:14,2025-09-08 00:41:14,2
76f52aa9-651a-4c01-9b08-ad2045e45c7e,f51ba6a9-ab7a-45c7-a446-057ae856402c,0xbacd56aa0a7cb3ed798f25ffecd503a9a847e745,Proactive real-time strategy,"Explain put ten article continue according compare. Enjoy there offer country buy.
Cost focus yeah class play. Father include political design economy general drive according.",17233.52,29545.710000000003,2025-12-31 06:09:25,2025-10-16 06:09:25,2
4d0edefd-d089-402e-87c0-dae110a67a89,9a812f36-1ba5-4b73-8be8-4ee33db6eb51,0xf47ff7dabbddcefb437ca92864ba12748bc510cf,Multi-lateral tangible software,Notice road five group. Have feel major national seat direction color. Important they food someone war idea. Laugh center seek information agency cause first.,10365.77,12070.68,2025-11-02 07:52:10,2025-09-28 07:52:10,2
0a884eb4-c80d-4dcd-9cd6-77b1c8c246d5,912c19d6-8430-4ba9-91ad-8474c4b1ab8e,0x46da0817ab1302c039c1652138ff19e6cc8a6c72,Centralized heuristic benchmark,"Relationship part center million management describe. Actually final city piece range investment business.
Example right southern ten hard wife as. Have early war read travel total plant.",9049.69,11855.369999999999,2025-07-25 00:23:16,2025-06-10 00:23:16,2
e425d9ff-7411-43ee-9f30-a4483bfce50b,b8bc32d6-d902-4877-aea0-364950e4960e,0xfe3cbd498031b09d8b296fd231851ed9676ec055,Inverse attitude-oriented moderator,"Owner through when entire last since social. Republican hair sing listen development. Force station lot.
What machine fire third customer. Whatever our build safe save.",9741.88,11749.589999999998,2025-12-10 02:19:45,2025-09-20 02:19:45,2
9fcb8e4c-45ed-4081-a748-bfd122cfb0d7,b8bc32d6-d902-4877-aea0-364950e4960e,0xeb55b01c9c5055fd1d9cc85c773545fe94338e15,Digitized local product,"Church know finish view lay cup paper. Clear campaign what buy test. Local center story heart agent its food.
Party set poor food series always. Argue response car ask attack charge mission.",20392.01,8315.36,2025-06-24 21:55:33,2025-04-24 21:55:33,3
2152e4aa-caa8-40cb-80ce-c6b40c05703b,ac0e10de-9108-4121-b797-1d556d9262df,0x09ffab2f52aa2d353fbc11b0423d6c66918ac7c1,Reactive background database,"Boy treat end dream. Agency poor recently long among serve wear. May follow series prove.
She man prove recent nearly always operation.
Old according reduce ok happy. However charge account physical.",30981.7,37415.01,2025-07-27 12:55:33,2025-05-05 12:55:33,2
d88a6355-2609-4f77-b31e-79145e09ab84,dad8a2f4-ff3a-44e8-be60-921fb7b262a4,0x176940776de397f9e6183567054949eb5b57b348,User-friendly exuding solution,"Stand guess approach personal note this education memory. Actually stop team deal water.
Leader hospital send TV lose others. Back blue a all anyone. Water us field.",29047.59,13694.15,2025-10-28 19:29:59,2025-09-23 19:29:59,3
f9b45fd7-ed8a-4462-bab0-dba82bfe4ca6,9a812f36-1ba5-4b73-8be8-4ee33db6eb51,0x3a19fdcad649faa11428ab9e9d4d75de1c3014ad,Synergized 4thgeneration leverage,"Both right lay. Reason event against none as reality democratic huge.
Also it letter. Win officer analysis as. Report rest dark environment provide.",50371.62,70382.86,2025-10-09 00:35:43,2025-08-07 00:35:43,2
069230b4-6af2-434f-af93-8920db53c8dd,7f6e2cc9-b4d9-4f2b-b6c5-c47c341e731b,0x79281fc1fc6baf003092cc0853076300843b4d18,Persevering methodical moratorium,"Probably he necessary certainly same get. Oil head work should.
Put imagine which beat education case under. Late much quite threat gas truth work.",22314.72,20012.36,2025-03-08 02:07:36,2025-01-06 02:07:36,3
c014a561-3144-4ba0-be8c-b25a4823f9ed,5df7e737-398e-4e50-a044-6ae6c8bc1316,0x2bf089ef503b344a547f1937557540cb66c4e5bb,Reactive static concept,"Major for student health view mission. Despite go impact seem blood policy.
Strong time could a. Son manager trouble reason fill sense field. My benefit sport age all.",94233.79,144754.75,2025-01-12 07:41:24,2024-12-04 07:41:24,2
ae11980b-58c2-4024-8d7b-7104db38a5ab,912c19d6-8430-4ba9-91ad-8474c4b1ab8e,0x305b649ec461f8eaffa300d4011bb0ee63f19409,Reverse-engineered mission-critical productivity,Among man all floor all red technology himself. Show institution onto thing we range yes. Although maintain town little myself bar. Two lawyer see drop worker alone finally since.,16904.64,29268.43,2025-05-24 17:31:35,2025-03-30 17:31:35,2
f08c3646-f7c5-4ba4-89ab-3fd1ca12da5e,b8bc32d6-d902-4877-aea0-364950e4960e,0x59e5a594858dfbf858d08cddcbf18714626669ca,Organized explicit complexity,"Over interview rather why baby.
Eat hold season president computer heavy few. Future raise suffer director know. Big cause science water.",334425.42,186902.76,2025-07-24 10:21:41,2025-06-21 10:21:41,3
17be2d5b-2b97-497a-b270-ddaa79c5f7d6,912c19d6-8430-4ba9-91ad-8474c4b1ab8e,0x962ca1a5e9ebf8e8ca3e7baf07db9dfe9e6d1efe,Open-architected motivating encryption,"Agency beat cost cultural. Health enjoy at so control including nice.
Challenge card reduce action art. Both program one.
They case TV team song.",41178.33,54959.090000000004,2025-09-19 21:30:16,2025-08-17 21:30:16,2
33913702-b326-43cd-92c6-de75b24f40c5,fef8cbd6-21ac-4278-b607-e893eb5ab49e,0xfbe9d05e0bd2c21b786872a07dc70d2a9c685891,Fully-configurable responsive system engine,Gun different energy arrive it that sister agree. Hospital paper term security camera past. Thousand position sense church out explain significant.,9347.3,20645.850000000002,2025-01-29 22:37:07,2024-12-30 22:37:07,2
397fc3dc-743f-467a-b7ca-03e814ed3127,5fc782aa-89fa-4dbc-be88-49472464c216,0x13e62cb7bb5f85ced87773f6b1e20464c9387b68,Devolved methodical Graphical User Interface,Window mouth pattern as pick various themselves. Message fine town trade not give fill stay.,7548.53,4865.38,2025-10-10 11:04:43,2025-08-16 11:04:43,3
c73b0405-33f1-4492-adb3-2245b0773c99,dad8a2f4-ff3a-44e8-be60-921fb7b262a4,0x4063b65a29fbaabfe2da994c046b779be0cf8ff4,Stand-alone modular hub,"Machine establish nothing Mr chair paper. Buy heavy nearly hotel at.
Lawyer yard on everyone note current anything. Physical majority blue join finish cause.",35684.53,54387.2,2025-12-30 05:49:08,2025-10-21 05:49:08,2
de8ba621-1412-4ce6-835b-e6dd7fa601f8,a4d661ee-b80c-49ea-bd6b-aa0df96011fe,0xc129f15f63ac6058f1b26a09c74965d55e69b21f,Centralized 24/7 budgetary management,Rest exist drive determine page seem until government. Charge network first detail south. Data pattern west before science without.,17615.55,25721.57,2026-01-20 21:39:20,2025-11-13 21:39:20,2
db8677b4-b69d-4684-a09a-9c1837ab7779,c8217145-ca5b-429d-b3f3-a13b0491b405,0x6cf6a898249985d71516a475d7d660320138b927,Focused bandwidth-monitored artificial intelligence,Kind school his past herself must. Day pull job themselves garden. Material past study.,44981.23,121605.57,2025-07-28 22:21:57,2025-05-01 22:21:57,2
7ef07947-a0c4-46f8-aced-1ea63cd37656,c8217145-ca5b-429d-b3f3-a13b0491b405,0x54fbc56acc655e52e09243d586e4783e469ec972,Fundamental mission-critical complexity,"Table population out special suffer. Hair set bed trouble begin receive.
Bad use laugh fall teach.
Director find minute discussion. Per of situation the.",35356.5,39571.75,2025-05-13 12:20:02,2025-03-01 12:20:02,2
deb702b0-9749-4dab-8f36-5435ea8f5641,c8217145-ca5b-429d-b3f3-a13b0491b405,0x8f75be98b97d3bbe2c06037a65a170f3baa5bd9e,Persistent neutral task-force,"Check usually early across. Short message again mean. Hour cold light suffer.
Strong off evidence early compare body eat policy. Attack help a.",20479.32,25166.94,2025-09-06 02:50:08,2025-06-28 02:50:08,2
6af7c9c9-6334-403d-be49-2ac7917b8eb9,9a812f36-1ba5-4b73-8be8-4ee33db6eb51,0xb95138672263568e42ea76d4cd3f46fe10f96531,Multi-tiered exuding hub,"Maintain seek democratic simple seek last.
Power few each administration. Tough education human require he. Leg indeed anything way today. Far apply let hit.",9444.67,14950.490000000002,2026-01-08 21:27:37,2025-11-18 21:27:37,2
6080064a-2faf-4fc9-8444-54018f4d4a49,300bcc7b-9419-4782-9ecd-a191ea991a76,0x3898af452d7879a6f6d3a58788b1e7d96b9f42b0,Inverse executive hub,"One third serve item method program nature.
Attack why usually help produce key reveal. Century several cultural pattern every. Among field well create notice.",4842.34,3697.2799999999997,2025-07-26 12:15:10,2025-05-30 12:15:10,3
37683d82-3471-4c70-8a52-0657b3ff106e,e9ab5d26-0199-4278-b6b3-b61364de95e7,0x1146ad8d0ecdf3a112865bdc8bd94caf62b2b7d2,Mandatory reciprocal superstructure,Western election next threat sport former professor. Choose radio respond mind everything order to. Spring its evening vote feel.,14093.73,12724.75,2025-08-24 05:52:15,2025-05-30 05:52:15,3
06d5f164-2832-41f9-898d-8086ca6cc50e,84d28fb9-3904-4b80-824a-fcb8b195de71,0x2520ddcc5f8c1ccdaa4a60871e485d3ed40c38e6,Re-contextualized full-range framework,"Class loss up at finish. Itself spring child list.
Visit brother dog these man when.",51864.97,100371.27,2025-10-24 02:51:04,2025-09-17 02:51:04,2
c274de65-50fb-4969-bb67-18aebe8a7235,93fa61d7-5b0f-42c0-a78d-40bdd49b176b,0xade30ef530bf01aa31bedd3b32244af7dc44dfd0,Enhanced 5thgeneration challenge,"Quickly truth record program beautiful close. Form although old write pass.
Today station make environment. Past moment story expect assume.",27285.04,13450.08,2025-02-03 16:43:09,2024-12-22 16:43:09,3
7d2149bd-204d-4813-8d62-02d66faa154c,6bc8381d-3be8-4ee5-b96e-429946f93e02,0x8f64bc1f9e0255aa697b5c66a54cb36901e05a8c,Decentralized client-server benchmark,"Chance available side reach. Dream loss important upon property public role few. Time prevent hair hospital generation.
Subject sound hope.",6337.64,14119.05,2025-02-04 13:36:06,2024-12-25 13:36:06,2
b4c58ca3-a538-4953-8cad-56f959cc78d4,d70a48b4-4655-4484-92aa-582846362d1e,0x8aab31113d5dec181c2afaba0253dd0811ec78cb,Devolved disintermediate migration,Whatever trade result individual side place represent. Health able lot station may decision forward probably. Event hospital more opportunity unit cultural show. Lawyer rest natural.,26191.26,37453.7,2025-04-22 07:03:13,2025-01-29 07:03:13,2
33fb787a-94ea-4bd3-bbf7-453f1e6b43bb,5ce35111-af86-408d-a4a0-a2b47c2a069d,0x39248d76f1af47721ae5d6a5fceaec21bce0417a,Progressive discrete analyzer,"Dream able answer away sort movement tonight. Administration than run short small shoulder.
Writer degree product explain break dog writer.",32380.68,56830.58,2025-07-28 01:56:59,2025-05-05 01:56:59,2
e30aff57-fdf9-430b-90c2-5c314361a382,22fab76e-502d-40d0-8367-8c11e0cc0be8,0xaf3255b7a651b4b2d7602a9ce85c4996148a47cd,Compatible coherent capability,"At show serve establish condition.
Building she single let business property. Size green begin computer southern. War rise treat per wide short yeah.",9101.03,6955.53,2025-09-12 20:06:16,2025-07-03 20:06:16,3
60556010-c801-4004-b980-33025dae31b3,9b787e46-b4c4-4563-8117-b972c339f284,0x06fc6fb19f9a8a4e5b757ae9c41c158028edc005,Polarized zero-defect parallelism,"Strong value sit newspaper leader. Politics current among laugh about green.
Indeed study wide television be successful. Minute she or list network necessary seven build. Skill point early.",25686.61,34171.340000000004,2025-05-11 14:17:51,2025-02-14 14:17:51,2
ab5f20d3-0547-47f7-b202-d750b594acf1,1b52ac8a-0720-4962-a2fc-84a5a03ba701,0xd6eb9b4486b0eebf77508ed1bcada70fc5b22070,Progressive real-time policy,Box window should five buy office. Song discuss everybody success nearly must teacher speech.,23346.65,9103.34,2025-03-04 21:33:48,2025-01-07 21:33:48,3
2064b618-71e6-48ad-828f-d5ee2c4af8b4,3ca4d9df-a59b-423b-b0ff-21876d19246c,0xef41054fe473a09cd8f64f22074fa2cc36d7caf9,Multi-lateral impactful moratorium,"City vote time easy free. Possible notice term piece.
Despite remain college whatever tell meeting writer.
Themselves office role success manage draw involve.",7023.59,9735.13,2025-01-28 06:23:25,2024-12-19 06:23:25,2
