{
  "_format": "hh-sol-cache-2",
  "files": {
    "C:\\Users\\user\\Desktop\\Porject-escrow\\smartcontract\\contracts\\ProjectEscrow.sol": {
      "lastModificationDate": 1764427751467,
      "contentHash": "3d3ae05fb875058a9af2142be9984126",
      "sourceName": "contracts/ProjectEscrow.sol",
      "solcConfig": {
        "version": "0.8.20",
        "settings": {
          "evmVersion": "paris",
          "optimizer": {
            "enabled": false,
            "runs": 200
          },
          "outputSelection": {
            "*": {
              "*": [
                "abi",
                "evm.bytecode",
                "evm.deployedBytecode",
                "evm.methodIdentifiers",
                "metadata"
              ],
              "": [
                "ast"
              ]
            }
          }
        }
      },
      "imports": [
        "./interfaces/IMilestones.sol",
        "./interfaces/IGovernanceLight.sol",
        "./interfaces/IRefunds.sol",
        "./interfaces/ITreasury.sol"
      ],
      "versionPragmas": [
        "^0.8.20"
      ],
      "artifacts": [
        "ProjectEscrow"
      ]
    },
    "C:\\Users\\user\\Desktop\\Porject-escrow\\smartcontract\\contracts\\GovernanceLight.sol": {
      "lastModificationDate": 1764423581557,
      "contentHash": "fb5fcee4ea9d606b78d39c9424f31c02",
      "sourceName": "contracts/GovernanceLight.sol",
      "solcConfig": {
        "version": "0.8.20",
        "settings": {
          "evmVersion": "paris",
          "optimizer": {
            "enabled": false,
            "runs": 200
          },
          "outputSelection": {
            "*": {
              "*": [
                "abi",
                "evm.bytecode",
                "evm.deployedBytecode",
                "evm.methodIdentifiers",
                "metadata"
              ],
              "": [
                "ast"
              ]
            }
          }
        }
      },
      "imports": [],
      "versionPragmas": [
        "^0.8.20"
      ],
      "artifacts": [
        "GovernanceLight"
      ]
    },
    "C:\\Users\\user\\Desktop\\Porject-escrow\\smartcontract\\contracts\\Milestones.sol": {
      "lastModificationDate": 1764431169897,
      "contentHash": "ef489dd0d51666a374938a2a9a08751c",
      "sourceName": "contracts/Milestones.sol",
      "solcConfig": {
        "version": "0.8.20",
        "settings": {
          "evmVersion": "paris",
          "optimizer": {
            "enabled": false,
            "runs": 200
          },
          "outputSelection": {
            "*": {
              "*": [
                "abi",
                "evm.bytecode",
                "evm.deployedBytecode",
                "evm.methodIdentifiers",
                "metadata"
              ],
              "": [
                "ast"
              ]
            }
          }
        }
      },
      "imports": [],
      "versionPragmas": [
        "^0.8.20"
      ],
      "artifacts": [
        "Milestones"
      ]
    },
    "C:\\Users\\user\\Desktop\\Porject-escrow\\smartcontract\\contracts\\Refunds.sol": {
      "lastModificationDate": 1764423587317,
      "contentHash": "f3d8a64a6bf12b40e5a46dc7354e0056",
      "sourceName": "contracts/Refunds.sol",
      "solcConfig": {
        "version": "0.8.20",
        "settings": {
          "evmVersion": "paris",
          "optimizer": {
            "enabled": false,
            "runs": 200
          },
          "outputSelection": {
            "*": {
              "*": [
                "abi",
                "evm.bytecode",
                "evm.deployedBytecode",
                "evm.methodIdentifiers",
                "metadata"
              ],
              "": [
                "ast"
              ]
            }
          }
        }
      },
      "imports": [],
      "versionPragmas": [
        "^0.8.20"
      ],
      "artifacts": [
        "Refunds"
      ]
    },
    "C:\\Users\\user\\Desktop\\Porject-escrow\\smartcontract\\contracts\\Treasury.sol": {
      "lastModificationDate": 1764423592966,
      "contentHash": "71de1d6f02a656d7e3a05d544d899517",
      "sourceName": "contracts/Treasury.sol",
      "solcConfig": {
        "version": "0.8.20",
        "settings": {
          "evmVersion": "paris",
          "optimizer": {
            "enabled": false,
            "runs": 200
          },
          "outputSelection": {
            "*": {
              "*": [
                "abi",
                "evm.bytecode",
                "evm.deployedBytecode",
                "evm.methodIdentifiers",
                "metadata"
              ],
              "": [
                "ast"
              ]
            }
          }
        }
      },
      "imports": [],
      "versionPragmas": [
        "^0.8.20"
      ],
      "artifacts": [
        "Treasury"
      ]
    },
    "C:\\Users\\user\\Desktop\\Porject-escrow\\smartcontract\\contracts\\interfaces\\IGovernanceLight.sol": {
      "lastModificationDate": 1764425606641,
      "contentHash": "cc7982782aa2d0141139fa6a5ad7b572",
      "sourceName": "contracts/interfaces/IGovernanceLight.sol",
      "solcConfig": {
        "version": "0.8.20",
        "settings": {
          "evmVersion": "paris",
          "optimizer": {
            "enabled": false,
            "runs": 200
          },
          "outputSelection": {
            "*": {
              "*": [
                "abi",
                "evm.bytecode",
                "evm.deployedBytecode",
                "evm.methodIdentifiers",
                "metadata"
              ],
              "": [
                "ast"
              ]
            }
          }
        }
      },
      "imports": [],
      "versionPragmas": [
        "^0.8.20"
      ],
      "artifacts": [
        "IGovernanceLight"
      ]
    },
    "C:\\Users\\user\\Desktop\\Porject-escrow\\smartcontract\\contracts\\interfaces\\IMilestones.sol": {
      "lastModificationDate": 1764427290834,
      "contentHash": "794048269eb062db7490bd112c7bed96",
      "sourceName": "contracts/interfaces/IMilestones.sol",
      "solcConfig": {
        "version": "0.8.20",
        "settings": {
          "evmVersion": "paris",
          "optimizer": {
            "enabled": false,
            "runs": 200
          },
          "outputSelection": {
            "*": {
              "*": [
                "abi",
                "evm.bytecode",
                "evm.deployedBytecode",
                "evm.methodIdentifiers",
                "metadata"
              ],
              "": [
                "ast"
              ]
            }
          }
        }
      },
      "imports": [],
      "versionPragmas": [
        "^0.8.20"
      ],
      "artifacts": [
        "IMilestones"
      ]
    },
    "C:\\Users\\user\\Desktop\\Porject-escrow\\smartcontract\\contracts\\interfaces\\IRefunds.sol": {
      "lastModificationDate": 1764425615147,
      "contentHash": "74d16d71948e481bf1044e10b7982e55",
      "sourceName": "contracts/interfaces/IRefunds.sol",
      "solcConfig": {
        "version": "0.8.20",
        "settings": {
          "evmVersion": "paris",
          "optimizer": {
            "enabled": false,
            "runs": 200
          },
          "outputSelection": {
            "*": {
              "*": [
                "abi",
                "evm.bytecode",
                "evm.deployedBytecode",
                "evm.methodIdentifiers",
                "metadata"
              ],
              "": [
                "ast"
              ]
            }
          }
        }
      },
      "imports": [],
      "versionPragmas": [
        "^0.8.20"
      ],
      "artifacts": [
        "IRefunds"
      ]
    },
    "C:\\Users\\user\\Desktop\\Porject-escrow\\smartcontract\\contracts\\interfaces\\ITreasury.sol": {
      "lastModificationDate": 1764425623469,
      "contentHash": "a7ca1573209aa5862886d9eed60974b7",
      "sourceName": "contracts/interfaces/ITreasury.sol",
      "solcConfig": {
        "version": "0.8.20",
        "settings": {
          "evmVersion": "paris",
          "optimizer": {
            "enabled": false,
            "runs": 200
          },
          "outputSelection": {
            "*": {
              "*": [
                "abi",
                "evm.bytecode",
                "evm.deployedBytecode",
                "evm.methodIdentifiers",
                "metadata"
              ],
              "": [
                "ast"
              ]
            }
          }
        }
      },
      "imports": [],
      "versionPragmas": [
        "^0.8.20"
      ],
      "artifacts": [
        "ITreasury"
      ]
    }
  }
}
