backer_id,wallet_address,name,email,total_pledged,registered_at,status
cd4509d5-c4da-4920-a209-4765eed44244,0x1e67b2c6e090fe0ad66a08a10d1f6e43b1d00b60,Jason Soto,jennifercruz@example.com,18456.28,2024-03-07 09:18:02,1
93521574-cc5f-4642-928e-a63a9ee13693,0xc99c727f09274a6c5e39b67233235ab21e58c70f,Stephanie Dalton,osbornejeffery@example.net,16437.85,2024-06-21 18:55:01,1
a7efa62f-5375-420e-8c96-558dfd9af568,0x19af90937bb8d3ebcfc8bb400bafff61072803d8,Sylvia Martinez,lauriecontreras@example.net,19550.42,2024-07-21 21:13:07,1
2bbc0496-d7b4-4235-b805-5ac87a413537,0x9bde7dd94f640a75c5136942b637e50eb187cf6f,Jessica Briggs,jrivas@example.com,15229.47,2024-11-16 01:47:11,1
07640fc5-d439-4a60-8d80-a16d76a0e4fb,0x621d436663312e1c84520b956660cfa9162d831b,Joanna Walton,katie87@example.net,8173.929999999999,2024-03-05 13:08:02,1
dd0707d1-9451-4a97-97d6-11eab1aebb93,0xe41a7c1e2f7838d940cc0bf01891533a039ccac6,Dustin Nelson,patricia12@example.org,5803.26,2024-03-02 10:42:50,1
e97ae4ce-3a68-431d-8c39-173b42db1b24,0x2437f7ba1bf88c25539c8ba76272c042abbe3ee3,Daniel Perry,amy60@example.org,10668.82,2024-10-22 02:18:33,1
73b559c9-1e0c-416d-8c5e-d4a940b0207c,0xed4a5fdf52515eed634dfbcd1f192168a71b997e,Lauren Dominguez,wwoods@example.com,6475.77,2024-09-21 06:05:52,1
3de6bb31-8f1d-43f9-9a0b-4b52c54ec67f,0xf177f0be3426dace9b61ba92e1b79c77b9799b49,Sara Medina,tracynelson@example.com,0.0,2023-12-14 21:43:54,1
5dbdae83-6a84-40b5-88fe-5f4b35cb0de9,0xecbda970b28f33fd94981863aca8112ef7f5c3ab,Rebecca Ramsey,ncalhoun@example.net,5255.6,2023-12-14 02:32:46,1
0b14d764-a79d-4006-b835-c3a81c80daa4,0xb1e4f2dbc84afb7591af06314ce068da0b96e69a,Mary Miller,dtaylor@example.org,7233.96,2023-12-23 03:53:15,1
9c1ed799-bc1e-4d4a-8ab8-b58e49fecb8b,0x340dfd699bf25f290ce1901754c43b6599706f24,Jesse Rogers,aramirez@example.com,194.71,2024-10-22 21:08:04,1
4f5be7eb-3673-46fb-a4e5-0f31b731ce8f,0xf763a4064eab991263026f71968989cd05a54211,Joshua Cooke,jeffrey10@example.org,28098.850000000002,2024-03-08 16:02:53,1
e5fe9c89-2fd1-4d33-985a-b9c1a7d3f459,0x7b32c2e125182d954c31f1b0b0884a92bf618024,Christian Martinez,elliottjeffery@example.net,3300.93,2024-03-12 03:33:54,1
29e99877-826a-4e9b-b038-4e31c2e92128,0x5bb6ac3700857f9a6dde94b39dbdf9d631f58d06,Lawrence Adkins,stricklandfrank@example.com,8577.16,2024-01-14 14:45:15,1
bc4658cc-780b-4c6b-8c7e-40b08d39cc70,0xb3d18045d73fbe88aca02dee89aaec229b11f0a8,Laura Odonnell,tsanders@example.org,23383.56,2024-01-02 03:32:21,1
3ddc52ff-4b6e-4a22-ad8c-b224c9eca088,0x36a08231456ea689590508ae7e786f1a5084a902,Dana Terry,melissa91@example.net,9871.7,2024-10-02 13:53:27,1
057862a1-1617-45b0-8a06-ba37946f09c1,0x4ab8902cda69e838854ff3620ecfed2da8aac78d,Mary Jones,alexander67@example.org,19585.75,2024-05-19 23:55:54,1
1687f1de-88d9-46b7-a80f-18e3c3395ed7,0x078942353dc3eadc1a4e88335f559ebe30922d47,Sandra Zimmerman,hthompson@example.net,664.61,2024-03-17 12:33:04,1
fe757933-964d-4627-b27e-0abc2e7699ca,0x718e0fb964e10843f8c683a295501b97a745679c,Patricia Marshall,marcus31@example.com,1281.97,2024-11-10 00:35:56,1
42a625dc-6eb2-40ac-89aa-06b9ef8d96c5,0x37e82edbefb784e1e1053f41c8f0905cf3786946,Laura Barnett,anthony52@example.com,59250.01999999999,2024-02-24 00:18:04,1
b464b28d-5ec9-4d22-b391-70da5d20aac1,0x1caa9c182239cd4b570411faab3a748fd2003880,Douglas Carlson,angela83@example.org,2325.96,2024-03-06 08:48:08,1
e7942d84-6c45-4f50-ab32-54cf890df3cb,0xb48b5d6e5b4c8246076b89a2fc270924a14b4a2f,Peter Vaughn DDS,bwest@example.org,25750.35,2024-03-26 21:40:30,1
814b564a-fb91-4413-bc06-4e64381509b8,0x1e58053833789be5520a38970f0a64a8ea2e7362,Elizabeth Perkins,wtran@example.com,7847.86,2024-09-18 07:49:22,1
d106b1cc-4f09-4515-ba35-e7afbbdbf825,0xb5fe5fb9766d255b802c1d2040e02a15e32b6d9a,Jesse Parker,davidlee@example.org,4729.03,2024-09-17 03:21:15,1
649dc259-3991-4fb7-8761-3bdd95dff881,0xba3b58d46c6e97b7e6be6e50d21f09c916b34362,Cathy Robinson,lhill@example.net,4963.45,2024-07-22 09:41:37,1
79bc818d-a355-4023-95c9-c6003eee0915,0xf1d4dcf1b2b807ec92ea6a960c198f734db5b8b5,Cory Perez,kevinerickson@example.org,6846.05,2024-03-19 03:58:03,1
861c1196-b94f-4d09-aa76-800e6ff1ef9d,0x7b3643054ba803a56c0b0f5ca25db9192d884965,Edgar Raymond,agarcia@example.net,16336.98,2024-03-23 01:26:07,1
93c978f5-bbc6-41b6-8313-96ba5c56c5f5,0x837f10265718050736dafdad6a1734b80649be87,Cody Williams,ewilson@example.com,1961.52,2024-06-11 14:36:39,1
926855bc-44ba-4b7b-a639-e1522dcdb072,0x0b8943fcb4e57d801da6f9f063c15a364d10866f,Amy Hernandez,christopher31@example.net,15773.18,2024-09-25 12:19:48,1
10ca1b80-888b-4cab-a51d-37f7fcd962d8,0x591aa238a9cc32271df3b374c8077cc10f4f0600,Lisa Rowe,chayes@example.com,91939.90999999999,2024-11-01 16:32:06,1
1f8defb6-c4e6-48d3-af65-19a2f9160ff9,0x77b9ee167f4e589a9af264498f43bc8e0d5f32bd,Keith Brown,mezajared@example.org,0.0,2024-03-15 09:52:53,1
80fe2150-6c7b-4dc1-846e-d76c882da868,0x335e3cc25849af443f5c1d00402fefd5fdeaabf7,Christopher Jones,ortizhannah@example.com,40310.41,2024-03-25 17:56:03,1
1aa464f0-6207-4e1c-a2e9-86b8c3a89c0b,0xb203a87c16c25a3bf9a00b5b12b02caea6ed6239,Douglas Heath,mcdanielsandra@example.net,3436.49,2024-07-19 16:26:17,1
1499cfe7-2131-4bce-91dc-fbc65fd439db,0x4462acb8bf3ab7487d5fbb06f033ab09bdd5cbaf,Jessica Stephens,rebekahserrano@example.org,6887.700000000001,2023-12-26 19:04:03,1
9a0cfe03-9e52-4088-b95d-d3370efee74c,0xa9dcfa5d412087290f0d5bf6dd6d6489ef7e9f46,Paul Carroll,scott74@example.net,30920.53,2024-05-07 22:51:07,1
c6823b85-18ae-4dc9-a669-b25718c5d2b1,0x7cf8363f6c2f28a51401783bef515fd65559c612,Katherine Miller,prestonjessica@example.net,49341.200000000004,2024-03-09 20:47:55,1
3a689d74-ade4-4983-9556-a610356f846b,0x207973c2a14c59845145c79ff2e74d54b3737cd5,Michael Valencia,keyemily@example.com,59443.95,2024-07-14 10:12:43,1
36cb957f-d296-4f75-b0bb-641791cfc076,0xd921ba24e2b05cc6f7d3a23efecb95c8dbcc4c30,Julie Pearson,howard96@example.net,17199.3,2024-10-14 20:30:49,1
f0e352b3-7f8d-478f-9106-ebbb1b27775e,0x97e684deb06bc1c9481e514ba486d53efc73e16f,Gregory Cook,hodgemark@example.net,9072.43,2024-06-13 01:18:24,1
f487951e-ebfa-4d67-acdd-eeef8e17930e,0xa538d55ca7b04e212d8d444e51ccbfde52e37341,Robin Pierce,qmiller@example.com,15723.61,2024-01-17 15:40:06,1
0440d65a-8e44-4513-9f06-0f0fb0e07df8,0x1c53d4f15635d58cb44f34f42edade34d222b9b5,Jose Travis,mgutierrez@example.net,21269.260000000002,2024-04-22 03:13:43,1
c831c618-25fa-4efc-ab8c-23c404df11bc,0xfffd22de629f5a1a2d2ba96975e0e3a5a42805a9,Mr. Anthony Adams Jr.,samuel71@example.org,44420.15,2024-08-04 07:26:02,1
271095d3-34ae-48b0-a303-1338932b2662,0xf98e69212092ffc56463e4371f3645544fcb04b6,Christopher Pierce,hdavis@example.com,0.0,2024-01-18 06:03:52,1
0ef7d667-695b-43b4-9f46-53e6cbe2b20c,0x73948924b9c8a6b429760f58060f245f9decfbc8,Timothy Carter,robert77@example.org,5547.66,2024-05-29 00:45:33,1
7638c715-83e1-414b-9bb2-9c93dcfd84ae,0xea4e02c4a14a522a1914b589c2fbcd9d9904fed3,Thomas Romero,michellehill@example.com,10464.16,2024-04-13 15:04:03,1
9b48ce0b-eece-4c12-ae66-a0ce93a1bd5f,0x249c073b97c115ae7dda045ac27c81cf3176bc5a,Samantha Campbell,mary97@example.org,10516.369999999999,2024-05-25 01:19:27,1
b0cd41ab-4bad-4140-ad27-f62101ba5252,0xff497ccd26a774dce0330614f1415d4b6acc90b4,Juan Daniels,mcantu@example.net,8736.63,2024-03-05 09:01:47,1
4333fb47-94a2-476d-9f7c-fd201ce074bc,0x13b5daf10f51b46c4815519c7f11c14f88223f2a,Reginald Williams,zthornton@example.com,0.0,2024-05-01 13:42:56,1
b9b75a33-dc12-47c3-9f3a-c061dfd2b6ef,0x1f0f9767a9a1766353964b423cb911fe32eb287b,Marissa Hernandez,martineztammy@example.com,27634.54,2024-11-05 09:23:43,1
456cc17f-1208-4657-ae35-3214aa663e3c,0xe9d80d3dcb2434ce5285ae4663ee6bc1bf7974b2,Ariana Lozano,bowenrobert@example.net,8123.549999999999,2024-02-01 13:57:06,1
43324907-0306-428a-83a1-b44da6fb0590,0xe3010a9986244b72ccdc069cb61779384e31cdb1,Deborah Hanson,vsantos@example.net,723.97,2024-11-01 08:51:01,1
b1eee42d-74d1-4a8b-8f2b-f34ad92688ac,0x3a85eae81369b56bde15e629f10845726b6c55b7,Lori Clay,cbrennan@example.net,1457.94,2023-12-30 04:55:42,1
0d24dd7e-dab8-453f-95be-12ef83825d17,0xb61ae20c5dfbde302b779eccc6aa44b3812a2e0d,Donna Perez,hamiltoncorey@example.net,7778.92,2024-09-01 23:56:19,1
8ad2b430-2906-4581-8364-04d4b6ccfaec,0x0ebd7997a5e89d6e9ef71c35c0dc54bc8a7528e7,Michael Berger,nguyenbrian@example.com,18997.97,2024-04-27 04:58:22,1
91a77574-e898-472a-839c-6f252cd1bd34,0xcd70b371a605958e6ad7edc3a52d44f90cae7d07,Jason Maldonado,georgemiller@example.com,28518.26,2024-07-31 07:19:12,1
8abf3144-152c-46db-8d62-ab43dce43d97,0x328c2718099de468b996c90556b14e8a3adb0de7,Mr. David Little MD,nolansteven@example.com,12129.39,2024-08-22 18:59:31,1
4a4f3ebe-4b2b-4ffc-870f-978e21ea53f0,0x8aff3a2b917de579b819c88a89b3112a2fb4b1fa,Tony Huerta,danielle64@example.com,7376.24,2024-10-26 22:00:16,1
03ed030a-ea7d-4f9c-9499-d92751e70d21,0xca378ef631f865f96e739256972ec3c201927f6c,Dr. Ashley James MD,victoria40@example.net,29903.239999999998,2024-05-05 08:22:39,1
f1a1a651-b44c-4895-aace-0a4a090e90f1,0x1e5ba6c58930f5d02407daff1d97c96e3a98173f,Melissa Garner,lozanojulie@example.com,36143.270000000004,2024-09-29 21:37:50,1
8701e618-9fb3-4824-a95d-fdf9a61d3602,0x63daf6c8e2885eeaeec2ef87a60cc297711224c4,Heather Fields,erica21@example.net,10246.34,2024-08-10 15:31:55,1
60876285-5ebd-4b51-a2c3-059c32ba56b3,0x15bfd2d8a068f8f77359a5e2898ccaad53a5c442,Amanda Diaz,christopherphillips@example.net,0.0,2024-05-12 23:58:13,1
85fcf6e4-f978-47e9-9d63-66c808759e93,0xa367f997152285925333533c1e5a2d3905adb483,Joshua Mata,maria47@example.com,24758.949999999997,2024-09-18 13:38:17,1
cddff525-9ed7-4b47-baf8-760807a31e97,0x90d90c3a17dd9da972db6aa5bd42c7f54d7e91d9,Julie Jones,michelleramsey@example.com,15155.039999999999,2024-10-27 02:06:38,1
204e78b9-ea44-4522-99a7-f0255068b85e,0xb0af49e793c558475346a4057a881c60f6fb9bee,Richard Smith,gibsonemily@example.net,33254.14,2024-03-14 10:43:20,1
c2a9e1a2-0293-4699-a4e3-f7f0ce980ba1,0x43db19da235091cb5ca39054155c5f456686b9b4,Teresa Rodriguez,thomasharvey@example.net,32818.77,2024-04-09 00:26:27,1
6e9a5c2b-d12b-4ee1-a236-278b03150ab7,0x5df33816084e8771825b5162a1b0c3085f19d76d,Arthur Colon,debra12@example.org,30018.02,2023-12-18 02:02:34,1
4522d654-ce22-481a-b4be-72587b3de3ca,0x47e707b039ca66c11f453b03ab7669a83292e432,Brent Clay Jr.,vwatson@example.net,71.55,2024-06-30 10:09:35,1
19e041af-4f5c-44a4-b29c-9391a157ca00,0x2c314df6bf654aad75668fa6b2fce2ea4e5dce2d,Brittany Perry,basschristina@example.com,12929.67,2023-12-16 08:08:19,1
c01e504a-090a-453e-b1db-9e68936898b1,0x198342318aae27dab6642a515d0cad9100ebcc8a,Jeremy Young,cory58@example.net,4305.62,2024-04-20 22:17:00,1
2d8164d5-1391-4ccc-b4b8-f390570b1ac0,0x1b338bb659b79d26e394024ed52d63d5d6df3eef,Walter Rush,ndavis@example.net,0.0,2024-08-07 23:42:24,1
e1973b3d-640e-47a9-aaf4-5b7ba7d161f7,0x65cbcbf49c36067690c2f606d4d371ae149ed47b,Richard Sanchez,kristinharris@example.net,72185.67,2024-02-22 02:02:50,1
87673439-0c33-4685-943a-590f6cdc00e1,0xbc2a80140d519b9fe49c2788c69cc58d308574eb,Crystal Schroeder,ramireztracey@example.org,9377.78,2024-06-30 10:22:25,1
dd7363b9-fbf9-48ef-86da-8ea7dd095e7b,0x9ec00b9a0f5d6df33a1ca46b1a5669096fd81128,Matthew Johnson,howardkristina@example.net,10152.28,2024-04-07 08:58:10,1
6676948d-9eef-4065-94fd-229c5bef62c1,0x2f1d8cda5b3300e9bcbb0e9bd206e0779a55e79c,Cameron Fisher,reesethomas@example.com,13867.69,2024-06-19 22:55:31,1
d7dfa948-4a67-4fbb-8d65-e4a845fc6c42,0xc71ca27c56ab19ec6bad07a35ec502b678e3e1c7,Daniel Gilbert,stephen00@example.com,9169.41,2024-10-27 16:35:44,1
92e9dfa6-ccda-4a24-8aef-c2e4b70ddcbf,0xf1998a2045845ffe010c2e374b55ae9f009d1ee2,Katherine Browning,lammarc@example.org,8407.74,2023-12-29 03:24:13,1
1dc50c5d-5c7f-4c99-a1af-5470db846fc8,0xe276b5590aeb248a63acda25ebeafab9a8100868,Lauren Joseph,hvang@example.com,73998.26,2024-05-27 20:08:06,1
c79eab30-4b2c-42a6-bb26-14aba5b93163,0x848411394a86021e7049de07405c89fd6f86ca19,Ricky Wilson,russellbeasley@example.com,0.0,2024-04-13 06:16:20,1
a694a9e8-16b5-4a9d-b461-4f483e151f7b,0xf79acfeba9530a26fbd6788bb836bc3e55c2d101,Nicholas Edwards,elizabeth52@example.net,0.0,2024-11-26 02:02:41,1
66b08925-6331-4da9-874f-ddc88ec1668f,0x2c77a5ad7491558f0cca15e0b50549cfd9baa9f3,Bradley Reynolds,lisa80@example.net,3481.36,2024-07-08 17:33:56,1
de1fcf5e-c9e7-4ce1-9ee7-4726eb3e190b,0xc59d560e6b5158d1ebb356737874cceec240d93b,Jennifer Russo,uparrish@example.org,42330.829999999994,2024-03-24 08:06:04,1
9998fc49-9a5d-412b-bcf4-8d48f24a1042,0x7dcabc1ff1bb5704bfacc2e6fa841d065382f1a0,Kenneth Lewis,gwalker@example.com,0.0,2024-10-26 22:39:07,1
90c0e737-07bd-49e6-8cbb-d0e78c47a970,0x894ef38a1a608d9a6ccd638ca0c8725a3ce8c2d5,Donald Perez,xbruce@example.net,24372.16,2024-07-28 22:07:05,1
f11bcbad-b2af-4536-8862-7b9814824fea,0x05cbb5a8bc6315dedf8b8e15cfcce431ab52b22a,Lisa Barrett,anthony44@example.com,12971.69,2024-04-17 22:58:34,1
d5f493bf-17a5-419a-a286-d7e347f4dfbf,0xd76c5f0ec4363877e6193d00e66852422cbf1f8a,Kylie Morales,joycebonilla@example.org,30585.43,2024-09-18 09:27:59,1
114c1c0e-96b0-474f-ba9d-d1b26b6f840b,0xf1a1410b3fc947ea20b8e12e0d8440501b8aa56b,Jesse Moore,jennifer99@example.org,25676.84,2024-11-10 16:32:48,1
8fe5c484-3ab5-462f-91b9-38260eb85cf7,0x1846c5b9ca8f0e3423d6503a52d4b4778cd66970,Luke Craig,scott67@example.net,6823.4,2024-05-23 07:21:04,1
54dfbfed-bdde-42d8-a8d6-fd9336446581,0x15ce3ef3b27657e7d6ad8eee0f7ef289179a61c8,Jose Reed,campbellerika@example.com,32139.780000000002,2024-06-25 06:34:57,1
c244a8f0-5b2e-41a5-97aa-cbe09bd41739,0xfd82eb1c10b127dee99b746c801767a96090adaf,James Greene,harrissierra@example.org,8135.8,2024-09-25 09:41:47,1
7e438d82-7dc0-4408-8a55-018468aeee88,0x5c0283b1adec4992481b67525abef054d54dac23,Adam Burgess,davidpatel@example.org,0.0,2024-06-14 21:59:01,1
01850775-b4e6-4fc6-81c1-7501823ce898,0x4281de16aaf7035858c1e3809f000307aa841345,Heather Sanders,grahamsteve@example.org,4789.59,2024-11-02 10:38:54,1
5641a470-153a-43c1-9681-868814671772,0xd971a778810129735b93597bf7411d4e645f8892,Jared Bowman,darius05@example.org,56470.030000000006,2024-10-09 20:03:52,1
276a0663-566d-4412-b6d9-da050b0d4bcf,0xd32fa809091e410f834a1f0aabdb336cba3855e2,Michael Cox,prichard@example.com,8315.16,2024-07-19 07:52:44,1
6a7d6ff9-0f31-49a4-b14b-2b757bb98b4d,0x8c1976f3f81e82e2295acbf1d4c9aaaf27bf18f3,Seth Reese,masonjackson@example.net,2455.49,2024-08-05 13:16:57,1
1682b04f-9dce-4478-af3e-c363db49af9d,0x547d0f60eacfb0329e3e07bd15b86e73ac34ace2,Susan Bailey,joelthomas@example.org,38607.380000000005,2024-02-09 00:19:44,1
119c9a9c-19a2-4940-82e0-8b2ac20e9517,0xdeb814dd893af4e5ade55dc10fe226f7d34ccc9e,Mary Thompson,kmarshall@example.net,24515.82,2024-05-25 23:18:03,1
25fa1b68-8be5-4c03-a9d0-ab034ee64674,0xdb4c6301f70e75772d6b8fc624f84e6da6ecbd06,Maria Downs,michelle52@example.com,61143.090000000004,2023-12-30 03:40:29,1
6d396cda-bbfd-43e6-8960-3eab23c87846,0x40d38849115955a869324dfc0151f07a6e3caae5,Rebecca Vargas,william47@example.com,1873.67,2023-12-18 05:43:32,1
4bd5c5e9-9043-46c9-a4d2-8a43cc2f3876,0x13560dccfffb13c101d5bc0610cc95d7587437d8,Angela Lin,gilbertwilliam@example.com,6197.48,2024-07-16 00:15:46,1
17649975-7720-4add-ad85-ee5317ece074,0xaea5dde81d60cb6b1c1b4527e4c415667be6ef8c,Stephanie Cole,marcalvarez@example.org,4741.55,2023-12-27 15:54:19,1
05ce58af-3823-4c78-83ae-c392bfb325e4,0xd832b1ea2acb1134d94e216e63416618c1455dc5,Sara Haas,wagnergerald@example.org,0.0,2024-09-03 10:42:47,1
33fa1fe5-a6d3-4213-b2fb-90b40257259f,0x3a8bc68ae280bdd717a604500c6d9cabbbc054b9,Joseph Moore,samantha66@example.com,68350.33,2024-08-23 06:59:10,1
24f85b6d-5630-40b6-b3be-72ffc4859b12,0xaa7c17f25d23948083b96211859e6dd044f88413,Maria Jones,grantpaul@example.com,18755.3,2024-09-09 16:53:14,1
b7cad0a4-3ed2-410c-a705-b0c73569ff0e,0xb3d9adaa4ad1df5f8bd1d91d09aefefd3ca40785,Lindsey Hernandez,aguilardonald@example.com,36674.43,2024-04-02 02:46:12,1
3914064c-beef-45fc-b98f-d3967834f2e3,0x369783e4c84097e7b9ffbadb1a45ca09a13d0b9f,Jenna Larson,collinsnicholas@example.com,16382.07,2024-10-14 10:37:56,1
f07c0e4e-7e3b-40ae-83e9-a586111d28bf,0x32c68f5a2961daafcf37295d60d1a9f563391687,Theresa Osborn,lucasrodney@example.com,1239.54,2023-12-10 17:07:18,1
c19bc9df-aabf-4adc-9df9-0a08eb189d51,0xe1bbf2b0644e346642594271fb00199510a84056,Daniel Meza,ilee@example.org,2383.64,2024-01-02 14:25:53,1
e00ce2a1-b64e-413a-8ce5-21021912fdf5,0x9612673e81e50ff8d7caa9bdc0fe58d95e4433d1,Katie Fernandez,stanleynancy@example.net,0.0,2024-01-23 12:39:59,1
73dc5f56-471f-4305-a136-80b9356c5fc6,0x0f07d33cfd2c990c28e838d541d224984dcbde18,Christopher Schwartz,jenniferwilliams@example.com,1280.19,2024-08-22 07:21:36,1
69e27336-fe92-407a-a3ac-7a02a12e4f67,0xb273df51c4da3004dae2d0b55929762a556c7f29,Lisa Goodwin,pyoung@example.com,4915.77,2024-10-12 16:07:17,1
60c7b902-3427-4213-8e49-a839f6223bc3,0x7017e4f6215e8fb5f28a6790af018a373f6af6a5,Cheyenne Gregory,smurray@example.com,54042.62,2024-06-15 22:37:51,1
302fab04-c0af-4cc7-9b99-30019db55613,0xba2f23d7eb2043933d8c8404e702f9741b09996e,Ruth Solis,moniquewilliams@example.com,28913.07,2024-11-07 02:33:40,1
dc9ba8fa-a0fd-48e7-a8e5-83773163eb6f,0xa4e9c0a3a43f6a25ed592b47222e82d30547ebf8,Michelle Black,mitchellkathryn@example.com,16728.84,2024-05-26 03:09:34,1
270db09e-fc00-488d-a4a4-2517e1730efd,0x78a73d7b3cfba59c0ad451589a2127742132381c,Jeffrey Potts,lisawilkerson@example.org,8954.09,2024-05-12 18:19:13,1
74627e02-e8a4-46c0-901e-edf06e771ad7,0x467bf0f5732070ea8905aff26b85dc52b71710b5,Cynthia Vang,jeffrey51@example.net,26112.03,2024-08-12 01:16:24,1
13a85f8c-ae16-43f7-9636-3f4f0b0ec5a7,0x15641c24b4c8cbf366bb727acbd174628c24d7eb,Andrew Lowery,ihorton@example.net,5091.72,2024-06-02 19:37:26,1
7808c16e-4a6c-47c7-acb5-8de731c41dd2,0x0e844d79eff7c625918d803940a275bfbec3d6ad,Bobby Scott,anaacosta@example.net,24940.97,2024-05-16 00:13:16,1
7159ae07-d574-418f-b46d-af168eac505e,0xbd5e0d832856253c0791fda34f2579b28c4bc319,Eric Williams,nfowler@example.com,33626.91,2023-12-28 00:36:21,1
dc5257e4-9130-455a-a5e1-d5e9e3bbcd12,0xf5af49abe07a8fee8b78aea610987c7dad453988,Linda Smith,jennifercarter@example.org,44770.06,2024-07-29 09:38:29,1
08e70795-b4ae-454e-b478-5898bac404f7,0x7dfa0b7ea9cb0e771b1613059277c0083669b730,Chelsea Barnett,carlos88@example.net,38497.869999999995,2024-10-04 01:05:42,1
db79d599-3e5c-4350-9d5b-f35716769928,0xd2c5a15316fe4df5d284e342432199b1884084fa,Jeanette Harrison,qzavala@example.net,6223.92,2023-12-09 22:35:21,1
5e09fdf0-f293-4ede-9ccc-2b09d752e510,0xf685e928ca67a0c590700d2f7e034a4f622ec77d,David Sandoval,ingramjill@example.com,1126.34,2024-01-24 10:40:06,1
32934ba7-7113-428d-b77c-8034e1d801ad,0x689759cf156906a73b486942478f88223480cb38,Robin Thompson,epollard@example.net,24260.85,2024-02-12 10:09:17,1
6ca7a9ce-2357-4d31-a98b-a195a6ff7785,0x7a51c2b7f5ea6432398e192cf3e827ecae3ab82f,Ricardo Ellis,james30@example.com,7956.2300000000005,2024-11-30 02:50:56,1
20f433e9-b6e7-438d-982b-82adb6489a17,0x1314ade945560e7bfc7239b67a4691a26c1c60f7,Robert Kennedy,mullinsjames@example.com,6066.97,2024-11-02 10:54:51,1
b92ed186-e09c-4f89-9e62-f1d965416c00,0x7d52df792ea16bde48f8fa928d6ba010ce32b58f,Evelyn Martinez,samuel67@example.com,5685.68,2024-04-13 07:15:04,1
f13fd07b-f403-4eec-bcdd-91a8a61a2eea,0x7d307746e02da00fad12b6a12896efe12a559349,Jonathan Glass MD,acostachristian@example.net,20860.82,2024-10-17 23:58:37,1
1b164508-a34a-4aa7-b9c4-874859a5cd51,0x77cfae4d5ddb2a93a74672c05077b3c3c4484521,Brian Murphy,kirk96@example.org,8374.01,2024-08-27 12:16:29,1
265f674a-55d6-49f9-8fec-a9607c750106,0x81151a56d6a8a845d93d1249856ba2bc9ab16178,Nicholas Buck,yhill@example.org,1740.39,2024-01-01 18:38:06,1
bb5aa91d-3311-4f8a-b94a-475ac3fb6ac4,0x29644efcf12bd27579754ed1ec04fbee62e1dc80,Jose Brady,stephaniethomas@example.net,13825.03,2024-08-22 23:26:49,1
fed6ab47-82b8-4386-9e3a-ce4c81960b9b,0x22f931453f8064700a32fe7a42647133fbcd73d2,Austin Osborne,michael90@example.net,33285.56,2024-02-01 05:20:53,1
8cc01278-d07c-4d16-9305-f3f271f827d1,0x4b7f8fd5e0a447b42d45f5890cf964fed4caea3f,Jacqueline Hines,alyssasanders@example.net,98872.69,2024-03-20 20:46:39,1
287bd990-273c-4178-970e-25084e4130e4,0xabb0c70c9ddc97d7a0a73294d8957825921f520c,Noah Porter,hmcintyre@example.com,35855.13,2024-09-29 14:23:36,1
985c22d2-2e5b-4f11-965d-f28de35f46da,0x22406a673e0a4fa6110750580b7d145ff8ec36b1,Zachary Mitchell,igonzalez@example.org,0.0,2024-05-27 04:32:38,1
5ef4a885-3399-496a-a828-62323da4a8b9,0x9a1bea41910885b9ed97eedc4a0171059b093b4a,Yolanda Cochran,elizabeth18@example.net,18652.519999999997,2024-03-25 09:34:24,1
9fcfb56f-dfb9-4036-877a-baae6bfa600c,0xa0423498357c789a14f02c89ec20ab82d928d8c3,Michelle Ho,laurahicks@example.org,5628.929999999999,2024-02-19 16:28:25,1
fc87ee02-62d0-4077-b646-4f60a160bf56,0x002d519f44238c5132b4012b02b65cb0c00b4beb,Johnny Ward,tanner82@example.net,17364.82,2024-11-11 00:58:30,1
835953c4-e6ba-47eb-80af-5d2f0331b61f,0x6e1618cd5d18b0eafdca4a6edeed0610e2149e9c,Zachary Higgins,khammond@example.org,17159.16,2024-01-21 07:19:51,1
8da92246-861f-4bae-8694-ae566979e6ee,0x357fc2b5dbf6fc8bfd59dfffdec4042755dbbb78,Joanna Frazier,david89@example.org,31071.600000000002,2024-09-26 19:26:39,1
e203d666-4f05-47dc-b53a-fc89cacb41c7,0x9af3493ef13a58f8134e34488c828bce7e2833e7,Thomas Brown,holmeskevin@example.org,46688.53,2024-04-06 22:37:01,1
66003f78-231f-49e1-8ed6-35dc62a64204,0x4fc85caec2c596b9104d4a3f6613b2f5d433d4fd,Travis Stone,meghan43@example.net,4424.02,2024-07-04 13:24:53,1
836251f8-b977-4e3f-b188-2ae5dc3452b6,0xcbc76f1468ed01edd05bdc3e6453ffd28acb1c48,Lisa Davis,brittanycarpenter@example.org,50302.689999999995,2024-08-15 11:02:10,1
eced7f6e-e06c-4eaf-9119-fe88963925fa,0x2c2fe3a8ccb142d2bb2d78a81d6bba82cbdd2d06,Gail Bradshaw,bryananthony@example.org,29332.69,2024-08-08 17:58:58,1
1a7beded-79d7-4fa2-ad7f-6b3f1cbbc423,0x81c058348e4538bcfd4df987d495c2815092ae39,Daniel Armstrong,jimenezcourtney@example.com,113040.09999999999,2024-08-08 22:12:37,1
e4abb4d7-04da-4f93-8a0b-b66e4979706f,0x9015ce6032c614883aec33d6fa01c0192d22420c,Dr. Michael Evans,barkereric@example.com,14472.01,2024-06-08 16:44:54,1
56bdc140-413e-4de3-905f-dcb60b8aeb57,0x881a9f26b803878fb26696dcf1d7ced3f9c81226,Charles Hensley,jessica56@example.org,10500.29,2024-09-24 01:06:44,1
45fa6f58-e4fa-4ed1-b737-0fd19b7d7929,0xf27d5a1226a3c4d58317dd23f905ec0e36007ff8,Emma Owens,shannon21@example.org,2047.93,2024-03-25 08:10:21,1
92f05d16-b30b-494b-8199-7295c7edea3e,0xc5b21ad8142efd7889eb167797515f376b8f8536,Jennifer Estes,lisapeck@example.net,10713.7,2024-04-03 01:54:54,1
d255a9d1-4b00-4bcb-8100-4ae07b8c810b,0xfa6bce53b3d30db6a0382fc13d72ffa77ee5f7a7,Zachary Owens,tyler16@example.net,30326.96,2024-05-29 04:53:57,1
42fd2199-4740-47a4-9ca3-08a9a6fe1b6b,0xa4962fcca3a2a8563c51f54ab532349dc7daecf7,Harry Williams,pharper@example.net,775.34,2024-06-03 09:23:17,1
e5a85689-376c-43e6-b6c0-7e47d9941d77,0x67051f3e1212733a5b3ea54d3e4c50adca7b88c1,Brian Anderson,jessica65@example.org,33104.11,2024-05-07 04:53:31,1
5b834af8-6969-479e-aa02-1da148a1f9f4,0x4525cfe8a5edaa3c59441f8ed77756aa8443b8db,Heidi Roberts,wgordon@example.net,0.0,2024-03-21 06:23:11,1
12a38408-cf25-4305-9f3b-fc9f3645ad9c,0x3ac6391c582379d84e6396d532f4d922bd3e8f46,Lisa Anderson,longlaura@example.com,14436.93,2024-07-07 06:34:13,1
ad4da54a-35af-416a-b9d3-5a86f6d774f9,0xa1710cef0ad18ec6cf747c6aa63c0ab27fcc2bf8,Christina Hicks,williamsderrick@example.com,0.0,2024-10-10 20:42:20,1
cb7f0012-169a-4b7d-920e-2af03c3514a6,0xe40f964240bc02158b0578c536b263d57b4aae44,Larry Robertson,sarah52@example.com,5671.65,2024-07-30 01:24:06,1
9c6920e1-9174-442d-a315-4dc3afb812b0,0x322d2b62d537cdaca7bee491d79e3ea40a5f0300,George Clayton,terickson@example.com,1557.84,2024-10-15 10:31:51,1
e10c063b-5796-4ddc-bd23-76b31628fe39,0x2fa6a4b86a0e91b278b66d6af8ad5281bf05d9e3,Brian Butler,laura09@example.com,623.45,2024-03-15 18:07:25,1
1012c0f0-3dbd-40e4-8e92-0cdae19c6b1b,0x8f04346ca2fba3ef7784b5469d3a305b683b1b41,Paula Lane,silvageorge@example.net,18188.809999999998,2024-09-08 17:06:43,1
24411be0-2c3b-43c2-af7c-785f46a70d10,0xab4720270e0e7b6f48fdcd5e1f9f7f9db8afff10,Brittany Becker,armstrongjackie@example.org,1495.93,2023-12-10 23:42:35,1
3e2bceb2-ff3e-4a3c-9d7d-52f3d8ea9304,0x7143dd27ed7ea907b943ba7c7d5eede0dd963522,Jason Harris,vsalas@example.net,16448.370000000003,2023-12-27 19:42:16,1
0e365db5-e7f6-466d-9551-9fed04b8b1ab,0x1903c607c0d59b4dc17782cc6279dd018371d81a,Kristina Bolton,ufox@example.org,76552.34,2024-05-30 03:34:31,1
f9c01544-b812-495e-9984-6ca56fb52c63,0x5ee0025d9f07cb30d56cfebf07d17b055294fb6a,Hector Ingram,chelsea33@example.com,4430.05,2024-07-07 08:56:43,1
7f89804c-155d-4fbf-88e7-b62743d65e52,0xca1443b29e1d56f533b7aa17a98c572b0c6ce5f9,Vickie Wise,hannahburns@example.com,17175.85,2024-04-17 02:16:55,1
93b01a0c-7d77-486b-8ec9-86003b279a3b,0x1dc6720f3d7df9c0288937484bd33e3fddf418f1,Mikayla Roberts,zhuang@example.com,80847.6,2024-09-28 20:40:57,1
2d76effa-912e-4db9-b73a-230a966c4fd9,0x78b1038195c137621ab0ae28a27c0a687c94b293,Dwayne Klein,sandra47@example.org,55451.99,2024-02-20 02:36:40,1
b7aeb2bd-237c-4058-a2c8-22b36d8f9ac5,0xd84e6271a8aa4e51df41c2a69972d2e2ec592438,Justin Nelson,gilbertbrenda@example.org,14892.849999999999,2023-12-23 08:22:08,1
6b0043fe-e5ad-4011-9d9e-af3c2ca4a710,0x1f3ad977d15f55295968c1f53ec82954d1ed7570,Margaret Williams,erivera@example.org,11784.46,2024-08-24 04:22:13,1
e88965f0-3329-4c90-8426-4bbcacbdf623,0x73467116ba1863c412f81b41ba70d9fed3e52c0e,Joshua Hickman,edelgado@example.com,1065.8,2024-08-12 06:39:39,1
cfc2d358-548f-4ade-96d1-0cc26164f3af,0xd12deeba6b14560c72cd28de6fb375b5e1fcb527,Erica Brewer,pearsonjesse@example.net,18525.120000000003,2024-09-09 11:08:45,1
e8f927d1-84ab-4548-97bc-86ce383d314f,0x201f0bf996e3ac16153661e22a84fd0dd6e2c6a8,Thomas Butler,sarahjohnson@example.com,0.0,2024-10-04 15:31:34,1
a52f38b9-e055-471a-8d27-8e77fddc8038,0x360c8a81357eb949a620f1aa2aba34194508f212,Tonya Howe,smithashley@example.org,6263.65,2024-11-28 05:01:37,1
370a68e5-b431-4a7e-b0e4-78af84d4596e,0xdab7e205f32580cc379d33ddf7d64f89788d3998,William Daniels,ismall@example.net,9713.560000000001,2024-06-02 09:28:14,1
c1939933-d4b2-4364-b7c6-8722908666ae,0x8e2967aaa7d408d24c5c66cb1e131a61f950a717,Erin Simon,jennifer05@example.com,8448.09,2024-07-11 03:18:19,1
9eed7e18-a94b-4c5b-9b1f-3b493bff0bff,0x617261485d67ffc1ba1bfe0bbe6fd0fb451c2f42,Levi Fowler,gwilcox@example.com,16389.86,2024-01-06 07:39:19,1
2236234c-ad6f-48b4-a5ff-6169bc1f46c0,0xd881043311ef3b6db037d6656cd033f7e89d49a6,William Woods,adamreyes@example.com,27156.260000000002,2024-09-21 08:43:19,1
ccaae93d-3a75-4015-b14e-3e0ca0b785a2,0x5f32ccde2f3e59dd9ae48b6ef4b25dd404173d49,Kevin Berry,desiree30@example.net,1479.7,2024-01-18 13:08:10,1
5b57d9bf-fa2f-4503-beff-ec71f1faf25d,0xe156e2f28ca9ee7e57628963921e13531002c1b6,Michael Leblanc,hannah45@example.net,0.0,2024-02-27 09:39:53,1
e9c73f9f-be47-420f-b719-b32fd3dacf0e,0x1d02b3f75b711a888a9156f38088ea0023ef2192,Christian Adkins,robert87@example.net,3371.74,2024-10-10 02:20:09,1
2abc40d2-ed5d-461c-9087-34ee91143eb7,0x2a91aee1605a314480f0a8801f2060421009e174,David Fischer,foxallison@example.com,19961.07,2024-01-02 23:10:15,1
69f17a42-e4e2-482d-b324-63867ba3bda9,0xf559bbe467605eb973b26a88939deb6b3d0fd7c7,Ronald Leach,ashleyhernandez@example.com,5974.5,2024-10-30 11:35:15,1
b47355ff-23f5-40a1-927f-f5278a43719e,0x5a5e4ba0ce3efe06d8b7442f028ecd41b2b6a941,Daniel Aguilar,nolansean@example.org,1592.59,2024-05-27 17:29:46,1
ac6e4be8-aed0-4d6d-8340-48075b95bc38,0x93df50127ef03c47025a08bcf12db7e03c0eee30,Justin Hansen,jennifer64@example.org,19917.26,2024-09-18 06:36:08,1
f3adab0b-26b0-4252-9a92-33b0a1541125,0xc10efa91bd559f6b03bd49f3347c0f14edec6922,Jeff Graves,michaelcesar@example.com,0.0,2023-12-15 22:59:28,1
8388709a-5c17-4a5e-a91b-479775396247,0x0926c46fe0de7e0a77a747a4862a1cd1693399a7,Chad May,ybrooks@example.com,14418.2,2024-11-05 08:38:57,1
3c4f239c-9c04-4ef1-aa0a-356b2cfb5461,0xfcf740f3b1c37e5474953775257b275474ea0d31,Bobby Brandt,desireebailey@example.org,6093.59,2024-06-29 06:48:46,1
44cb1c0e-77a2-4c22-9de2-cc68af05ddec,0x86cdb297c829cdbdab4435fde6d4c55e2d489774,William Davenport,goodsteven@example.net,8893.21,2024-07-02 01:47:57,1
d24b6931-04cb-4b36-be6a-aea7cffd4d1d,0xdfae70b2ee387a4e0848608b9cc4959888f1f10a,David Murray,joshuapineda@example.net,45723.84,2024-09-25 22:05:02,1
b88a09d8-ee38-41dc-b6fe-0517467b08bf,0xb019e0809b047598710120e77b9fe126603060b4,Jennifer Miranda,allencarlos@example.net,40531.82000000001,2023-12-16 16:09:15,1
e723576d-a4b7-4efd-b2ae-81ffe005f381,0x5ec6dade7c65d961cbd7be50d9dca40305888cd5,Shelby Sanchez,moralesjimmy@example.org,9839.74,2024-09-21 14:35:06,1
bf142860-e1e9-4117-86f3-7206b5a554b9,0xd55fa574f505ea1aa2198ea43714823cd9a387df,Jonathan Roberts,barbara53@example.com,15433.039999999999,2024-11-07 22:31:13,1
06be6520-4d04-4484-ac02-2168fc2899c2,0x661fe736f134ab577ba17863a01c5e85a2a44bf9,Connie Turner,hawkinsbrittany@example.net,19884.07,2024-11-21 15:43:13,1
03d65a83-0e4d-4555-b178-80b11a88470c,0x8799b65f8e9924cc04720f94bdf3d87c86e3bd7c,Kristi Williams,shelly68@example.com,33793.57,2024-08-30 01:15:56,1
ce4a46de-0c69-4293-8779-e13f0aff4f7b,0xc8f8ef224bac135d1d355aa3707893cedb15e9ed,James Webster,oallen@example.com,14343.8,2024-10-31 16:03:52,1
2cc91c9c-5dd3-489b-a7bf-4a3112340f9e,0x92967cf5e1601e074c194a6a58e12cec00831e65,Suzanne Hart,igrant@example.com,14149.880000000001,2024-03-06 22:48:22,1
6ef0be7c-c191-48ca-89df-c17f56e3ad76,0x964a32bbbd4b165dda01df9ad10e65f7839a6420,Bob Cole,christopher30@example.com,24632.829999999998,2024-04-28 02:39:40,1
f2d3fb9c-7755-4852-bb60-ceac9d144be6,0x45a520762fd85bab03e264d6921a977b4a3ee547,Shelly Lopez,timothybooth@example.com,14013.57,2024-03-30 09:07:04,1
7f7e77b7-62af-4689-bee6-2ac2afa57d00,0xac2ce693a82ba9b782091112106f913d85454ba4,Timothy Hayden,burgesskaren@example.org,16074.599999999999,2024-08-29 18:54:27,1
701d6b35-9c65-45ab-9a68-077fab7fac61,0x6015ff48d6a5a8f9a96402d05903f08709154ccb,Thomas Arnold,oscar85@example.com,34616.39,2024-03-14 05:07:54,1
4c7e8b75-2818-4570-b889-a5c0b714bade,0x25803b2bc6afac8e7922b8896078e13852259b3f,Julie Lang,ugill@example.org,20129.14,2024-04-25 14:25:16,1
b6421016-3416-4e92-8745-f8cc9a8f2e07,0x084335e96a0fc4eadebd2178de94fcc187111a16,Sean Figueroa,greensarah@example.net,6520.32,2024-09-08 06:11:54,1
8c85529f-a4f5-44c6-a721-6fc0612a6373,0x8c2503e29ccd8dfd96ecd48ce44c9f54c7b8cab4,Gary James,victorpena@example.net,2282.51,2024-04-12 17:31:40,1
329d2fd4-568e-4d41-b460-2c4ca07ca8a4,0x87981ca7de92eb5894b0477ff46b42b5aa979655,Tracy May,umurray@example.com,4642.85,2024-02-07 08:52:17,1
a043fcb7-d3b1-4589-a74e-8daf11d79f73,0x8a136ed79908843040904504068d2cf6fdfd849b,Catherine Preston,warrenmary@example.org,6186.9400000000005,2024-10-16 07:28:31,1
dd8baced-241e-4394-a645-1b32e4ea788b,0xf8c9b03edb351e71e1b1ab4b237bf2cde94da6fb,Jennifer Kirby,carloshernandez@example.org,20204.0,2024-06-17 00:58:23,1
ae9eacb6-8554-44fb-95ce-0df6383b601a,0x75520c62295cf6c39f1b5c85e4c51aa73d5ce606,Mark Peck,bhopkins@example.org,5393.99,2024-06-27 07:46:50,1
ab052773-2b41-4381-bcef-194da351c176,0xc60fbc73cf565cc86950d674e4c06304fbd56c9a,Joseph Hill,andre62@example.org,2653.87,2024-11-24 04:02:10,1
01af3c63-352d-4809-9a20-f334d714b0de,0x7224441bd6406b85f6f515d8c1cd1605535ec646,Corey Fox,joseph61@example.com,0.0,2024-05-09 07:39:02,1
aa935a50-980a-4c4b-89d2-2191765730e5,0x283604356ff0cd7f0f1df082dcc067dc7bb27b1d,Michael Evans,valdezmichele@example.org,74661.33,2024-01-08 22:41:19,1
7bc9e122-7111-4994-ad35-7e693a68c936,0xdf2f8fe13fb04c96711e502c01e97e8abe9bb424,John Walsh,christopherbruce@example.net,31940.97,2024-10-03 06:07:04,1
65bdc7cf-3469-4178-810a-b291d5f5623e,0x9bb497e22636a7fea39ee4cd13240fff61325b05,Valerie Jacobson,hallrachel@example.net,5072.89,2024-11-12 07:48:23,1
e14551bd-1600-4cd4-89dd-49916e81ae31,0xa1932897e39744425a1e39b8b9c0dbcfda6b4f9b,Thomas Cohen,rachel90@example.org,3363.56,2024-11-28 07:55:50,1
a7e17511-d6c7-44a5-94ac-18bd5225c4b2,0x3b95e053c28260119785c7b7679838043adb6b03,Daniel Thomas,thickman@example.org,4407.94,2024-07-09 15:40:20,1
cccf437d-8bf6-491a-9ff2-1d6c93db97f4,0x37c9972ce8148a85ba27e72a62efc199518cca83,Jasmine Mosley,patrick21@example.net,40693.41,2024-09-18 03:21:34,1
4ab54d78-83c6-46a1-bbd8-5ad883ddfaf6,0xe261d6b812abfba9c4969086bf9c66d1be2bd4a6,Jeffrey Roberson,cassie99@example.com,0.0,2024-09-29 01:15:18,1
6e859689-d0cf-4b1e-94df-d29b8e417525,0xbb346a7730c60204918398f03f8c55fb7f4a40c7,Rachel Hayes,michaelpugh@example.com,1719.61,2024-02-13 18:24:10,1
4a84671a-2e7c-4c7e-9962-529c8141cc7d,0x695ec3ed06961251cfd4f39b2e2576542628cca6,Angelica Montgomery,jennifermiller@example.org,5053.0,2024-04-29 05:03:26,1
e950eca0-14b5-4794-945b-c2f8b19ac359,0xcfb31e33c9c64807df984e52e7bdc0146e9a546e,Nancy Stewart,davissherry@example.com,7540.75,2024-04-21 09:52:30,1
dfabefeb-0c7c-4a89-a914-40ffc9c29d43,0x1331a070edc0d2b25e15504a193c6541df612280,Brandon Jordan,fgarcia@example.com,13585.09,2024-07-05 20:54:13,1
568cf757-01d5-4265-92e6-41f9dee70304,0x6a72a1ceddf304b1ba29d81e31d707ffbac6c86d,Erika Cruz,robert18@example.org,7899.28,2024-07-12 18:15:30,1
e2428f0e-be22-4c31-ac23-a91bcfacc749,0x143dcb9056ae210d0f14778a03ffeed87ea58543,Caroline Adams,trevor12@example.com,27751.399999999998,2024-03-19 19:21:06,1
20b3aa90-1009-40f9-bce6-ce8cb6147050,0x3d4629e63507fb37dda1ec6f75cbb1dc68b245cb,Mr. David Wright,mwheeler@example.com,31747.94,2024-01-14 04:15:20,1
aa858d48-cc3c-4db1-ab1a-51ee5e357ae8,0xc290e827db4db3da266324d9fa1727b7a059e24d,James Skinner,vbrock@example.com,9367.19,2024-04-11 15:10:06,1
1fd8a48d-8666-4e27-a4b5-10f668f38046,0xe8fb86e82425719a03be05dacbd54e031c9beeee,Marilyn Wheeler,malik37@example.com,56191.78,2024-02-10 14:54:00,1
1e8798d3-2116-4967-a847-38fe65b4c09c,0x3a5c051f58d257d0dfdd2eafcff9aa025a029f21,Doris Neal,yfaulkner@example.org,2698.57,2024-04-08 04:40:50,1
c6cf8f6b-7908-48b1-9e04-3881be9daf42,0x01a70c150d5bad4321ac76d90187511a4c896b42,Jenna Wilson,brittanygardner@example.net,14520.45,2024-09-26 17:55:05,1
61b44409-618f-4ed2-9cd7-05b14e70e80b,0xe0f416138386bd9703b8a5a45857d600cf117116,Julia Erickson,ssalinas@example.org,13600.76,2024-10-16 16:30:47,1
d6ca18f4-ed6f-4413-89d1-85416ace39c2,0x72837c90b718494ec08a59c3e5f2ada78c715bd4,Megan Taylor,john26@example.com,19699.15,2024-01-01 08:36:21,1
f83a4c34-3f89-450a-9fd4-6fca8234841f,0xec371fe66cff6b137ea188c3fe1a045ee3fd4811,Lauren Ferguson,ystephens@example.com,18919.65,2024-09-01 02:54:22,1
27e55ed3-70d0-4dc8-b5a8-cceacef4e5d6,0x0c9aeb454ee6b2b38ef136fb1facd4c7ab86e0a3,Margaret Miller,dianekelly@example.net,23850.510000000002,2024-07-28 13:46:22,1
d850bdf4-126f-4ddf-93b8-6b9febabdb3c,0x9506723fb8ca4e467b104d3e65f985c31467ee05,Miss Jennifer Goodwin,grodriguez@example.com,25564.99,2024-02-27 20:24:03,1
34b34b74-6e5d-4110-987c-20651815e076,0x4c59c92b9d472d7fb385bd3dd48105c378a9180f,Lauren Johnston,dbrooks@example.net,1291.37,2024-07-19 05:15:24,1
4c03beb5-fbec-401b-bf8e-5851e0434a60,0xe5b4755d19bf363c3e935cf7912eea5c64b224d1,Zachary Webb,robert11@example.net,0.0,2024-01-27 15:42:33,1
b161bbc3-5a84-4cbc-8d35-db114e3a517e,0x5c555c5a8b7527eb7d6e6f9284e21f23ec87a8fc,Richard Boyd,thomas77@example.com,6403.93,2023-12-29 17:18:39,1
4b8cff6e-6169-4b12-b859-52e508248fac,0x54621f5e0240f96c7232c6e6d05bc2ee4ead4ddd,Ashley Sweeney,byrdfrank@example.net,15377.35,2024-03-07 08:38:03,1
1b7a123a-c696-46a7-ba70-419342b6b3a7,0x639546d13378eb1b585147cf1dfb2832e9e7d53d,Erin Simmons,zhall@example.net,6511.38,2024-02-13 06:24:57,1
1f71a284-0366-4694-8812-2acf24afd7ad,0xabde84f21e507ebcaa8d0aa4e88dacbbfc40284f,Jennifer Mclaughlin,shannonjordan@example.org,0.0,2024-09-02 07:48:46,1
6d6f78d3-3f92-4e33-bafc-918729896695,0x39e58e660904a50b5c13f15196ba64ef4c34aab7,Michael Flynn,lloydamanda@example.com,21510.29,2024-04-08 05:36:01,1
88fdb54f-0271-46fd-835e-b75c1406b993,0x15fdae611e0bf8cf3b11a5dcd63041da37fdf0d0,Michael Burns,candice96@example.net,2986.53,2024-01-16 23:55:15,1
cc0e446c-a9f3-4814-80d2-8f382aba2b06,0xddc11614f6de872b321b8509da6bb769051078f0,Lisa Cervantes,samantha91@example.net,19091.06,2024-01-24 15:41:04,1
f4ac2822-68a0-46e1-8310-40a848156f7f,0x015452faca8f40bb6a60e1cf495bea7ec4a17f42,Bruce Brooks,williambarnes@example.org,8682.94,2024-07-13 20:46:53,1
2eec778c-10a4-4892-8ff0-2234923bface,0x98ad4afb2a932ddf8215b0abb1bb14d0524b6c0b,Mark Steele,angelaburns@example.org,0.0,2024-02-14 07:05:09,1
252ee66c-f53d-41d1-bb79-ebf801b9b7a1,0x0e256b4106941c9c827f0cd9de28b3b10a533fae,Anthony Howard,washingtonjames@example.com,26111.2,2024-07-08 17:31:30,1
fafa2f18-f005-43a6-bd93-8f7d7312b6f4,0x612ee620539a4120550352174613bb2d4725eaba,Michael Perry PhD,kjackson@example.org,22912.98,2024-10-07 17:20:54,1
1b4224a6-1b3d-48cf-bf18-21d9ff648077,0x17b7442f101c839df6b5e69fee9873ce92b818cc,Donald Medina,kimberlycunningham@example.com,7799.2,2024-07-04 03:01:12,1
d4ca14ba-d5d8-4643-9bc4-ed26dd0e827b,0x4f1c71c2e9b522c7c734e997dc7979132e490e9c,Debra Daniels,amber07@example.net,16122.900000000001,2024-02-26 12:09:33,1
ca03a49e-f50b-4ea2-8568-ce54e1e76b22,0x489b4b7c027aec37c585a1b5f5be6b259cd2f485,Ronald Potter,nancy07@example.com,0.0,2024-04-17 00:10:25,1
5b8031d8-b3b4-4c8a-9bc3-229374f855d3,0xca2c6749cee9ac897c654a8fb96f9b649317d0b8,Sean Wilson,jasonrojas@example.net,6522.73,2024-04-17 19:19:01,1
b6d71eac-2b00-4626-a4b4-9c4a9fffe216,0x8eb43f896970e195dbdbf95f26cfa0f40bae8a0f,Jessica Jensen,lisatrujillo@example.net,0.0,2024-04-17 21:02:17,1
c7f5a078-784b-455f-b70f-ea9d852b18fa,0xf17d4f474aa3c0335f3df389d0961cf909cd24ca,Caroline Werner,keith48@example.net,0.0,2024-10-15 05:14:15,1
74ff8e43-b8d7-4bf0-9a78-2bebd56057c4,0x390805bf1a44b48effa026895d40dd6720d70668,Rachel Sellers,michelle22@example.org,14833.42,2024-01-29 10:17:18,1
8df31c27-a6cb-4d0b-a7f4-2f5328445e8b,0x0dd85a88f466790b114996ac9ddb0d10196bf49e,Pam Lowe,othomas@example.com,11754.39,2024-08-03 10:50:25,1
a9708634-537a-4ae3-847b-7e19b0b1ae62,0x2ff796725f9295434524e3169bc3e0ae315a380c,Mark Beard,powellkara@example.net,15535.34,2024-12-01 06:29:09,1
b11c3806-fb48-44bc-b048-9543e0c754a4,0xfced5203868ee320cc378b0412ddf6ca6d7f7b00,John Perkins,simonstephen@example.net,2903.51,2024-08-30 10:24:18,1
e1af4d79-72df-48ee-90eb-52f3007818d5,0xb9d1b71151876682164ed961a67a16aa2b442f26,Joseph Robinson,fsummers@example.com,363.89,2024-04-07 00:31:19,1
c1a5e23b-a1df-416b-be62-b37744278ee4,0x4e78b071cafde47cf167f3554a3e16f698857698,Kenneth Knight,rkramer@example.org,7963.35,2023-12-21 11:25:11,1
059c6788-9cb8-476a-888e-f5dcca662832,0x90890a70f10c3e2ff01a011ac4b7c36859431083,Julia Martinez,scottsmith@example.com,23865.3,2024-02-20 04:56:35,1
9e52ff72-0e3a-4503-a860-68add5ff4efd,0x28755d42b5268547b20dfa677cf8d98f884380cc,Sonia Turner,clarence54@example.org,36857.95,2024-04-26 01:02:09,1
50c5d111-1167-4fb7-884e-a137a7570de8,0x43f59fabdb795e4e51a565e9f6b960162c205930,Amber Garrett,rubendavis@example.org,0.0,2023-12-04 01:19:33,1
c2791b0c-d325-45f2-a48d-119e504803e7,0x43bc2dc8add473e1a7e32a5dfb6c2408a9033844,Kevin Stone,ssmith@example.com,12765.04,2024-10-15 23:12:32,1
78b54723-63fe-4106-b8b8-f6fd638f63d8,0x977f1d0debd754f016cf85362aa145a8ae0c94ca,Melissa Woods,patrickcross@example.org,10870.45,2024-01-12 17:06:31,1
b778582d-1a65-4d15-9a54-cbd5ef364cf0,0x1c4bde72a461535ac5d3d7c30e4f7da2665a4bc4,Breanna Ayala,darlenebyrd@example.org,7472.19,2024-06-26 15:53:46,1
e1ccc15d-b788-4915-aa82-65a377ed77b1,0x89b5833ff22b4618529e54dcbd90b0f0b2e91764,Carly Bell,courtneyhernandez@example.com,8961.13,2024-07-29 21:26:43,1
ee036741-d96e-4332-a919-081edda8a80c,0x17d9c160bb5c98a9f5dfbb0fa2e51c41dce1e3da,Angelica Garcia,lawrencepatrick@example.com,0.0,2024-04-03 18:35:14,1
e91cdb1e-d5be-4f72-b025-72d072ff2c10,0x4ab15e502d6f777b921167c036d3bde2ef291c95,Matthew Wright,kimberly04@example.org,8449.550000000001,2024-06-21 16:58:20,1
96c27dd4-22c1-4790-8ab9-5b7d26fc5813,0x5036e5e8052bcaff48968c2111aa0d8035b78eb1,James Lucas,troyrodriguez@example.com,2551.63,2024-08-07 10:33:33,1
03c56bef-0bde-4513-b043-810ac65daecb,0x19ff11dc210ecf753696798a9fb8cb6aa03362c6,Vanessa Hatfield,david96@example.com,19480.5,2024-07-02 19:36:35,1
b0d98393-1348-4aa8-8c1b-e4b5918b6e60,0xcd5bf34ddfbda99a2af9454d3a6474cc86a576d4,Tiffany Townsend,matthewsalexander@example.org,38946.07,2023-12-19 02:24:50,1
a7dadbc6-f9db-4e96-a522-10731decb99b,0xea53867bd5de7d9f0b52c6c700b4fa8ec4e46a44,Jennifer Mitchell,zhenderson@example.org,30998.47,2024-08-08 09:26:27,1
a5e6c82b-6045-4a01-a83d-fcee2f418edd,0x6cb87b32ceb384927440f7f5b3571aeb8d7a6d00,Diamond Collins,terrimoore@example.com,10119.14,2024-05-03 09:04:56,1
97a54823-9379-43f4-b43d-81cfe4c2dde7,0xc930b3c15a9040e1d2343fd0b26cc85e6f7ad583,Marie Day,holly30@example.org,1948.1,2024-01-06 02:45:44,1
97afed52-9d23-46a2-ab79-8d2a3f3f53c8,0xdd34c2c2a71ca6e3df40f846529c9cb151acabff,Logan Brown,davidzimmerman@example.net,0.0,2023-12-08 00:59:46,1
e18a29e0-0a6a-4bcc-b148-696e6bf8b633,0x804329253acf276505ca30afd58909d7bf4eb3bf,Kelly Logan,gary24@example.net,3739.3399999999997,2024-11-11 21:11:06,1
98f088fb-36c0-4eab-9191-c955830ad033,0x32371c3f9def9feb3e8619ed770224754847676b,Frances Patterson,bakertheresa@example.net,0.0,2024-01-02 13:32:44,1
f242844b-0ba0-4413-beb1-8454d0d50f4f,0x0b4296e895011e92992bdf78bb44f7d86c6af195,Amy Villarreal,michaelscott@example.org,8145.49,2024-11-14 22:23:11,1
90a3a912-3b51-4000-8365-92c1180bebbb,0xe3ed38919e74402af7842e53947ffa8d8ec4d31d,Crystal Hicks,trevinoalexander@example.org,0.0,2024-06-03 20:21:55,1
ff02f089-fbe2-40f4-8c0f-4c098b79c00b,0x162903c7283b9e45205aab82de8c3750358ea219,Cassidy Horne,tranrobin@example.net,15682.39,2024-08-14 06:47:54,1
4cb3a1ef-ad23-47b3-8023-891ea173a669,0xb3550080d5b42ab5824d7b545cafbbaa8e8b22ac,Jason Cortez,margaret95@example.org,19729.94,2024-06-15 14:33:41,1
eece26e1-ab90-42fe-bb5c-a2d429fe4740,0xd07f40d4c2c9bc922da5bd289abb0bb677d45317,Daniel Black,finleycasey@example.com,18398.61,2024-11-03 23:12:22,1
d89afe05-6c07-4c6b-9ef6-1728dc7d03b9,0xffdf6d4e16f835e7238f3545a0a32b0531a38873,Erin Tran,woodkelly@example.com,15649.35,2024-09-15 20:32:55,1
d096c6b5-f10c-4e03-a310-d3416c46c51d,0x3f96f69786fb36fb053e59a1e7ca6a6360901f8b,Kevin Snyder,jessicapayne@example.org,16542.21,2024-01-31 02:34:52,1
815a4602-ca24-4293-907f-0958e9e8774f,0x45947e2b9ebf87927f7d617f8ccbf1116960f5b2,David Reed,tapiaaaron@example.net,0.0,2024-04-27 18:20:11,1
3d1d4f18-e91a-4377-b8b4-3a3adc349bed,0xe052afde00fe5f22d0985a39230fc1d3a872a7e2,Ashley Moreno,robertwoodward@example.org,0.0,2024-09-05 00:16:57,1
b9868c07-bf17-4662-b184-31b7d6c43bdc,0xa3400f4541d0e9dc49c03d2d577b515869c7f35f,David Bruce,xhaynes@example.com,8933.17,2024-09-19 02:07:42,1
f6096565-308b-45f6-80d7-ec367e3167b0,0xd4d1e8db0bc8a724764cc038cfb408c67cadc568,Casey Wilkins,vargasbryan@example.net,1993.17,2024-01-23 09:29:25,1
ea8aea7d-765f-48ad-b6e0-887ba9ec586e,0x45aca49da3b0fe1b8e46b32ff6344b6ec93d75ac,Ethan Owen,louis43@example.org,2756.66,2024-02-20 08:37:10,1
b40fc5c0-c06c-4e78-9ca4-296add94fab8,0x6f45d8f65707b81a5b3e99ef313120d55914eda7,Ashley Garcia,aowens@example.org,3961.7999999999997,2024-06-28 18:22:46,1
88ee915c-efd4-4ff1-87d0-c8713455438c,0xd66b425696ba47a7e1d011ed4361e5e03e59f277,Jodi Ford,davislindsey@example.com,12023.86,2024-10-19 13:40:58,1
4d21c05a-0e29-407f-98f4-ee2a048f3a81,0xdf245d48be16890afcb113faf45f21ff4bfe1e54,Cindy Gates,christopherwright@example.com,20024.08,2024-05-05 12:28:00,1
37dcb249-86f9-43c0-a02a-bce82b6b4d56,0x60acc8de30cbbcbad2ef448782735cd8da0ad3b3,Debbie Ewing,cranemelissa@example.net,13824.45,2024-09-19 03:47:50,1
5a51fc80-faba-4eea-9ff7-04ddd4ac704c,0x65bd10eedcb66391afad39b612beaa0996e53d8d,Brian Leon,smithmaria@example.org,70222.60999999999,2024-01-23 09:33:18,1
fdb41f5e-bc3e-4a9d-ae97-636ffd465ec8,0xcd077373bdbd1baf5f8d5e25fa3fcdde36c06bf2,Michael Pace,aguilarjonathan@example.org,13185.57,2023-12-12 02:23:35,1
aa09e66d-5fc9-4866-8dbf-78594b444b93,0x1766926f5f3b699ff0fe1b8f8f856cfff875282d,Matthew Lamb,steinmaria@example.com,5273.06,2024-01-20 05:14:29,1
b5ac926f-04db-4546-ab6b-021cdf214d7e,0x726b232cb3e5afb43e3b79e137aa42b0414af1b8,Christopher Berry,ycrawford@example.net,2711.51,2024-05-17 07:59:51,1
be60e060-3a52-488f-beba-961dd5b4ff13,0x59e064e9df9ee18a8774b01916681ab232ea6451,Cody Ramirez,austinharvey@example.org,34591.13,2024-08-11 00:16:22,1
b00815d0-b541-47e5-b9a4-d0cb5877623c,0x66262db73dcf2e847613c65cc6180c8277cb0659,Juan Brown,patrick63@example.net,3078.55,2024-11-11 04:45:35,1
b1912e33-2c1c-440b-ab6e-ff763cd3a9bd,0x5c0da8e91f78dbc3e8451a30682bf603d7ecb0a7,Zachary Stephens,mayokimberly@example.com,10691.66,2024-06-06 22:11:01,1
8cc873da-8cc6-4610-bb40-f3581285be46,0x140c5a00ebabae375b75757d6e605b6b41b77c5f,Dr. Jonathan Price,anthonyharper@example.org,42268.869999999995,2024-11-15 12:20:01,1
0f387e92-afd9-4ee6-98eb-0faf5d68c0b2,0x82e07d81b380bf67e7edb6caa9e8972735c72316,Robert Ruiz,katie32@example.org,0.0,2024-03-08 21:23:45,1
148b25d6-b181-4132-8336-eeac899e3510,0xf86b5f2eb10530b437501fbcd0c9e9abacd81207,Robert Stark,gallagherstacie@example.net,69572.48999999999,2024-10-27 09:12:00,1
50d73f45-cec2-4889-9046-7a33fe0f76fa,0x5892e57449c1ada7acaf264f3e4ff55ea102bf37,Timothy Frey,gregorywatkins@example.net,15324.71,2024-08-30 13:33:06,1
31c9e78a-21cb-425f-95d1-a836cccbae88,0x8843988eee1fd37b8e045b7e0ba0b064c833e42c,Michele Bell,annalopez@example.com,36720.2,2024-07-01 04:10:06,1
3166747c-2047-4821-bc79-888bb01bad05,0x9587ff8d8b840063d8e6cb85f964c091df1da9b2,Brandon Hall II,nsmith@example.org,32483.66,2024-10-11 19:49:00,1
25a67225-b022-400a-974e-ee697b3667b5,0xab17af58adaffe7a8d77c39cfe686e6c45f3f4b5,Tamara Richard,brian29@example.net,49305.09,2024-11-23 20:20:58,1
45803532-ed14-46d1-8668-4943cf68c6c6,0xe4df08ca1ff87494741089cc92800ea83dd2239e,Joseph Diaz,brookssheri@example.com,4120.200000000001,2024-07-18 05:16:19,1
14c27a8c-0cde-434d-8377-20eb4a97c03f,0xd853c495040ce7ed94d9a8e9cd2cadf3e231ccc9,Chad Moore,fconner@example.net,5387.2,2024-04-04 20:29:47,1
117fd15a-47c0-4b09-a074-b673884c59eb,0x274e48e0edfa947b8e4f0a3db428e6f4ac71bf56,Melissa Mcfarland,jeffrey92@example.com,0.0,2024-03-31 19:00:02,1
80e71a5e-a4a9-467a-b0ae-75417fc9770e,0xcb44ab1a44a370d59146447b7787e786b33fb38a,Christopher Smith,xrosales@example.net,6084.38,2023-12-16 05:01:47,1
20d10089-aa23-419b-af09-c16e3a30aa54,0x8a021a9695b8f133765d32d44bacfa301ef38f8b,Robert Carr,zunigadonald@example.net,0.0,2024-01-02 20:24:40,1
aa741ef9-1904-439d-b76a-22c786ebf0e1,0xa1244ea0810d9c725e38c33d9ac83b238331f266,Mrs. Stacey Davis,sean43@example.org,14701.54,2024-08-28 20:04:12,1
6c2966ab-afc2-4db1-b9ed-04e859c5828f,0xe8ba400e96df1f8f0b12e10a842b60313b500811,Brian Smith,akim@example.org,18586.739999999998,2024-11-11 03:49:22,1
6f70cc0b-c2fd-460d-8e63-ba0dadb0b65c,0x229af46aca81cd6460d5faac5b84067c03264dc6,Heather Bennett,kkramer@example.net,7471.05,2024-09-23 02:32:34,1
761fdc63-0236-4a1a-9f89-26f600f86f1e,0xe566d609a59c96798be336fa6939fb8bc00ecddd,Benjamin Singleton,andrew41@example.org,25328.91,2024-04-14 09:05:03,1
1adc0b4c-203a-4d3a-99ae-95dd8e64c53a,0x8d4e900e6e3351f09d3697d1a678d889eeb261c1,Nicholas Payne,morgantricia@example.com,18712.75,2024-09-02 05:39:36,1
23c925d7-395d-4eeb-a6a0-9251970481ef,0x70b134d763f45b96351a4182806cf33d07853c49,Carmen Preston,brianrivera@example.org,20861.34,2024-05-10 13:57:56,1
1ec1fb69-032c-43e0-8d7b-679cc035aa01,0xe2738e9fb6f1ae115f2c83fee32134045348934f,Monica Baker,kenneth10@example.com,0.0,2024-07-12 16:28:54,1
5176b5de-9d6c-442e-bf13-9a3e3c29961b,0x244aed2b7419dd157eaf26e11a8cc8828ff9bec2,Anthony Smith Jr.,bgonzalez@example.org,9530.79,2024-02-07 23:28:20,1
21765611-46d6-4f56-ba1e-c53394dc1a66,0xa6c2d55f1f44ef3fa4074061f3ba43b8e34ee830,Kara Wilson,qruiz@example.com,11991.95,2024-01-08 00:39:29,1
76daaa24-cee6-4a24-a996-f43920634279,0xb992a07bb1a0c842cf761c70c5339e22087ef7de,Jacob James,seanbaker@example.com,8394.75,2024-03-14 22:16:27,1
c181d284-191c-45a3-af08-796e5a66bc7f,0xc2f692956b3c77e41b3d855587298b83edbeb1d1,Antonio Goodwin,millermaurice@example.net,0.0,2024-05-12 09:50:09,1
a902ec73-5ae3-45c7-952a-368dc887f153,0xe587656234ce0edde56087091998c6b0c15f4c3e,Kristen Randall,rsheppard@example.com,74814.83,2024-07-13 01:17:05,1
c1e8317d-b048-468a-b529-8716db5f3fe8,0x80bb5e0f65bde6b2fe05c0eb0dc48d1d24b4ac09,Blake Orr,shawrachel@example.net,44243.65,2024-08-22 18:17:01,1
8f7345c6-49de-4432-8f62-62000020e6f6,0xa0914682d4334998a9d2437d3a96fb38a54d0cb5,Travis Cole,teresastokes@example.org,10696.36,2023-12-20 04:58:08,1
1e0cb230-528a-4ed5-85e1-970bde65bafa,0x285fa162df21102ad65515fbae07b539ae3cf44b,Jessica Osborn DDS,luis11@example.com,0.0,2024-07-06 16:53:27,1
659a14c4-6553-4ffb-b511-8c9be8986c02,0x09fa23bc18abb50685ba1130b6f9c3d7e2cddcd9,Donald Ellis,buchanancindy@example.net,932.72,2024-10-02 05:02:21,1
a49b6e7c-d2bd-4e9f-bdf5-5e29df547a4d,0xdcdf7d9db31b6f11f1c1d7caf931cd1232e67cdb,Charles Matthews,buckleyanna@example.org,1753.97,2024-10-03 18:52:51,1
f52f2979-30c0-4e81-9275-ab4667a9a276,0xd2420c703096f65565c0bfb38cfae370458fc6c2,Hailey Jenkins,kpena@example.net,40262.01,2024-06-04 08:18:53,1
abf2b27f-b1b2-4d42-a87d-c169a70156bd,0x1e25f558f930494692d9e2bb77ee48ac6cb4835a,Charles Franklin,vwilliams@example.net,13422.41,2024-03-04 21:36:01,1
1f8b537d-785f-46e4-a443-72dddd9a88eb,0xca55536efdb3e702faa9a317a06542f45de2bcec,Derrick Watson,lisa44@example.com,29264.8,2024-10-25 23:06:00,1
da6795fc-03cf-41ca-943a-82d36fd4c486,0x91706a9c276d50899c5562e23bef4a16d8f2a253,Annette Melton,kevinmanning@example.com,29311.43,2024-03-17 06:22:37,1
f19a7aa7-ec34-4ae8-af92-4e10169b92d9,0x3afe2b5722784058052c1722b86ce3f7d236909c,Ann Alexander,wfigueroa@example.net,5312.41,2024-11-04 09:59:16,1
1aa49e0e-9261-4755-8828-a07bc86901f1,0x6e7523f6a49b0238e25d8c2a61d2b136e3497b8a,Rick Jones,htaylor@example.net,0.0,2023-12-14 21:01:02,1
e74d282f-b342-4c1b-a300-6f3659bc4f73,0x65680b1e9f0dc93b4c6e364aad89fe56cd8f301f,Christina Brown,bryantsamantha@example.net,0.0,2024-02-18 23:02:18,1
be730efa-b967-453e-af06-5d448d4559b6,0x0f554efe4ea664cee334f5a3a3c3092e391b0806,Kathy Reid,maldonadojohn@example.com,132071.63,2024-07-21 08:05:18,1
28210770-b554-4109-a6a6-dae153ee731a,0xc21c3b407ec1be21a30abe6b85fdec8fad61377a,Karen Arnold,frank41@example.com,16328.82,2023-12-14 07:03:28,1
ea1914ca-0f3d-4786-9f4e-c473ebf297ec,0xa1f33d4e007255b1670e15043d473ff1f9a3b669,Kenneth Hanna,deborahbyrd@example.com,4231.34,2024-08-12 16:26:05,1
c49e339b-202f-4bb3-a64b-5c86b0166804,0xf1741ce3d011c720622f8ac71441cf866906032a,Richard Saunders,wellsdavid@example.org,54924.29,2024-07-24 02:14:59,1
b0de7d64-886a-4e30-9392-026425ef2381,0x16b6fd8e792da3c46f158b87c62ce7f83b8d3a69,Lee Hahn,rodney65@example.com,3141.01,2024-03-10 11:59:56,1
76200fc9-b6d5-4d2f-b0f4-b2900e2f53bc,0xb330fab50caeb3913b57e37102bbb222f4362724,Joseph Hanson,smithyvonne@example.com,406.38,2024-07-08 16:21:37,1
a6e4555e-ecf0-4643-8a08-2536df3aa72a,0xa7b2154975e8f2c71caf2822b5ae687690453dd2,Elizabeth Rodriguez,rogersjoshua@example.com,9756.16,2024-11-02 04:53:04,1
5a3daa08-e926-49ca-8cb7-1343a9f09c01,0x6d64fbd2a754002d67fe256b7228cf2bc5c324b6,Tiffany Curtis,edwardcannon@example.org,49702.67,2024-10-11 10:21:03,1
f3cb5bd8-cda1-4c8c-b65d-58691633cbc6,0xecaaba8a45215224de2f98f666dff81a6b2176f6,Jennifer Flores,jenniferrios@example.com,0.0,2024-03-13 09:13:44,1
9a70a2a2-d029-48ca-821c-0429c01a113f,0xf66ce2576fa8c985932a739f1e57eee0bcc392ec,Norman Aguilar,matthewreeves@example.net,0.0,2024-06-28 06:21:40,1
5c6abbfd-cc9e-447f-b030-7368a75e381b,0xc50e8cd665d9f29302f4f0d2fc790582f00c7e55,Todd Howard,megan82@example.com,3786.23,2024-01-10 12:55:38,1
917217b8-e627-4960-8e3a-65d1ad47a3a5,0x6567a3827766c41c25ee03cf1700b58cafc02970,Molly Hansen,staceylam@example.net,19446.6,2024-01-07 07:32:07,1
a76c037b-fe8f-45d0-9800-17e4044b073b,0x2805243f310cbdbf020e1777f418ab877650070f,Seth Fisher,nathan94@example.com,30365.04,2024-10-29 05:05:21,1
8b822a09-f77b-48a5-b18e-e2c61eeb7e1b,0xf6207393611269ca9be3b3ce2e4c54c26700d409,Mark Carpenter,kennedyjames@example.org,3065.1,2024-11-04 12:51:57,1
0be86af0-4437-458b-800f-3e45bf62c847,0x9bb01489064b71771eabb92e30f4ba6f46b73f9d,Jennifer Pitts,derrickgonzalez@example.com,13068.18,2024-07-11 18:25:36,1
08bed18e-bb87-48ca-87cd-33bb06d7ec9b,0x3ccfa0c4e093714e2cf2064532f9affc15ea2e71,Mrs. Shannon White,freemancrystal@example.org,0.0,2024-04-03 08:25:54,1
e1191f4b-9e01-4447-9d1f-8cd1657951c0,0x69d276dc08b1f2ee814b5f8f47b54405942ab588,Donald Juarez,barbaramoore@example.org,16391.15,2024-01-22 21:21:06,1
b82a1763-7329-4330-aaf9-0e2dfa71bcac,0x1c7132af25e8ee181d75cd4fc93d37d7607b2526,Jennifer Sanford,ismith@example.org,17815.66,2024-09-12 09:26:13,1
48fc9d41-0e6f-4fdb-9904-43627276b8f5,0x004df83269bcba4cbff2b1fb912196aa925f14df,Frank Whitaker,andrewsmith@example.net,43546.64,2024-03-09 06:24:01,1
42d777fd-0e7b-4084-b5a4-1455e8cfac0f,0x411385139e10f561b4995b9f3854d463520e9949,Emily Garcia,gary04@example.com,10290.89,2024-05-28 16:44:31,1
5eaff0fb-194c-4a44-9ece-65401d0279b1,0xc46e035e9a097491461bb40b274c3bc6d36204cb,Gail Barron,matthewvalenzuela@example.com,28939.420000000002,2024-09-19 22:47:05,1
35e913f6-742e-4070-af68-abe8fe3f36fa,0x4b95ef871a52c24fd85567a29b97c74e157fd5df,Tamara Powell,jeffreymercer@example.org,1402.76,2024-09-13 17:17:27,1
c4e8f5db-fc76-4cd8-a933-790f0885db73,0x0c1d8c120aa9f9b3c2f7af9ed97dc03e492f268e,Barbara Dawson,brooksdanielle@example.net,1421.61,2024-08-01 15:14:16,1
7f8245fb-fdaa-43c5-bfb5-0211f42a17de,0xb009c28c7f2931d0ffa861b6ed4f2af0ea49cf4e,Mary Valdez MD,butleromar@example.net,1977.44,2024-03-10 18:53:32,1
b6539f3f-a43f-40fa-9b70-77f56e366d7c,0xe13ec7b2b7ce999863ca5fafc4ec87605ceb09d9,Michael Mccoy,robert18@example.com,10379.92,2024-08-01 12:05:48,1
4ebcd714-1ee4-4612-8ba9-34c783448e8a,0xcb3fa862edb0b8524b4355fb919a033ba8960f3f,Ronald Garcia,campbellkristen@example.com,55052.73,2024-02-18 18:43:18,1
e9dbc288-791d-491d-a7b3-64cf9715dc01,0xc1c02ae167f21fbf7c8007143b60b9f111ff86f2,Sandra Dudley,jade42@example.org,96340.12,2024-07-03 12:13:27,1
f86600e6-4d02-4a61-a091-60346edd1aa9,0xa399964368f1421d509b4c111c6a3cf149cbcfd2,Timothy Rivera,smithchristopher@example.org,6465.17,2024-10-23 00:07:43,1
2e9de21d-b674-4df7-9db9-2857f5262375,0xaa986bac5cf2bc7d0020c8f9f907f96fe41c2c27,Travis Chan Jr.,conwaydawn@example.com,19618.9,2024-03-27 14:19:39,1
2fa99484-a312-433b-94ca-57bcfd408ff0,0xb4c1a3ca88c9e924f4120fcde1b979779333da16,Robert Sawyer,michael56@example.net,3143.44,2024-01-17 15:28:37,1
116d76a4-977b-4028-b2d4-e974be4e28ed,0xcd36356af5f77fce07bcf4d91bcdc4d56d7ad394,Amber Christian,markkline@example.net,42977.020000000004,2024-03-16 20:01:32,1
87bebff3-2017-454c-bd70-0e9f758ef742,0x529ebcce5baa2093ae658ce14ab250c4b030e613,Robert White,dross@example.com,5182.299999999999,2024-10-23 04:34:01,1
a0cc291c-f7c3-4309-a7c0-c9107fc17f08,0x4dea357ccbfb8c6015a6dfff614f07eca9d7d2f1,Rebecca Banks,danielhorton@example.org,26334.68,2024-10-26 13:06:42,1
1377d046-2dfe-4bc8-8333-e8b9642cbf44,0xbf52338ebcb4ab8071b926eb92a4a511e656383a,Kevin Pham,ywhite@example.com,0.0,2024-07-28 01:28:27,1
7879dcd3-1d3b-4291-b2dc-3e3253088077,0x456aa725af3c64a256ebab395719411fbe6fe832,Sara Mcpherson,timothyfreeman@example.com,23175.739999999998,2024-05-22 18:42:34,1
2f2e339e-5090-4058-a94b-b8e52d4048bd,0xe60be72d109f66e7e499b67378d4c5229ef10a7a,Ernest Bush,tiffanysantiago@example.com,0.0,2024-06-22 05:33:37,1
c92a94c6-865a-4dc9-b169-db9858d3626e,0xbb96e2065e73fa6761dba3b1bb0ccc00d5556503,Anna Stanley,timothyalvarado@example.net,0.0,2024-05-01 02:30:39,1
a366f0ff-d604-4aa3-a4f3-464db781e038,0x6c86b5335b9ed7a3d781b48c7862dad9603a6fd8,Stephanie Salazar,schneidereric@example.com,0.0,2024-10-29 11:12:55,1
b542c961-e6a1-4ce5-9bf2-b9969d95c493,0xf6816663e517f90cfd3b468452f0b45c6bf252a4,Paul Flores,tara08@example.org,5837.58,2024-07-04 10:11:29,1
8c9c5b26-5f06-4457-9b39-511b388b698b,0x443d89c01abee833ed65e17d026d212bdbaa356b,David Stevens,fmiller@example.com,49262.21,2024-04-04 09:06:28,1
78c2544b-3bb3-43ce-8276-9d3ff5368140,0xda0218d200696df8c846a295deeafdb658445026,Matthew Garcia MD,petersenlatoya@example.net,11464.89,2024-08-07 05:29:12,1
5ec6970c-a52f-4711-8657-d6b21353e52b,0x0f0f05cb67d2d97358713efa9c3b2fd05c3450bd,Christine Powers,michael03@example.com,18335.910000000003,2024-04-10 13:24:35,1
bfb2e0cc-7155-48dd-9571-04c13765af3f,0xe099f53abe20c7d865577ea1bda7e7309cd1bed8,Kara Sandoval,wwilson@example.net,5632.82,2024-02-27 18:02:01,1
4c5cdb86-231c-4c26-b415-74572ed65dd0,0x0568793a6ac4f55e59262f6ecd4f22941ccf5e90,Mark Marsh,jacqueline02@example.com,61827.1,2024-01-27 04:16:55,1
681b3cd2-6b7a-4a51-8ceb-f43903cb81c8,0x448e6c8e547346f6d48f63916877cd2a8dfa4dae,Jennifer King,jacobconrad@example.com,33223.53,2024-02-25 08:38:26,1
de49df9c-05f4-49de-817d-e15289c3270e,0xcabdd18a555b2669086570c287b6e5cb39dd871e,Michelle Rodriguez,owilliams@example.net,1765.34,2024-07-19 07:19:05,1
6bfb05a5-1faa-4eed-91c6-1aa15659c3cd,0x5af1a4d544e1a29236d58d73349ee2cf4b56b966,Judith Lawrence,tamarasmith@example.net,33598.119999999995,2023-12-22 11:55:15,1
be87c37d-f651-4aa8-83e5-5aa20146fb60,0x7071105f9b57ffab138c10ea7df91d48a2eb0fa5,Kevin Glass,heatherthompson@example.org,3039.16,2024-01-12 20:23:37,1
dc192c8a-585a-4924-8447-316cb9d4238e,0x52d9af2736b319b0f2132e71a3091f468666e0c5,Sonya Gordon,mbarnes@example.net,0.0,2024-09-24 17:02:51,1
ae2c7869-065d-48fe-8cb3-b0445d3aa81a,0x08ec9b8b3fd18ebf57db81eff1d81e39c1b7ddef,Grant Phillips,devonmorrison@example.net,13247.24,2024-06-19 14:07:58,1
c27603dc-b1f4-428c-9234-467eb8cd745f,0xc397ab130e58cd49305681fdea363d16157b2078,Shannon Joseph,jamesweber@example.com,4334.6900000000005,2024-08-26 06:52:55,1
c157b3c0-ce0e-4d08-aac8-bbe1fc69cc56,0xa5c54a472418b1e28e08b8bf8bfa01d9ce63126c,Vicki Santos,williambenson@example.com,16037.48,2024-09-04 12:10:05,1
9028a9aa-675f-4911-8640-38b42a9fcc3a,0xced7d76751966a4d97759010c80793b6891763ab,John Duncan,icraig@example.com,2806.35,2024-11-08 09:52:53,1
a2dbc14c-cc3c-4996-804e-d457ce172cb5,0x04206d30a3aad3bf021d4fdec243af7d42fbd34e,Kelly Johnson,brianbrown@example.com,1700.23,2024-09-19 23:25:55,1
883222f4-a064-498f-9069-5aa4b99dfe59,0x6689a27c15b4d74cbe96ada538f91e1a536f777a,Miss Brianna Brown,james80@example.com,0.0,2024-10-14 18:28:30,1
d108ad77-d2fc-407e-bdee-a01a001103ce,0xb57d813881693688a07178940849f855a5f35eda,Megan Hoffman,juliahoffman@example.org,7545.86,2024-06-19 01:20:30,1
0e889512-09c3-458d-aacf-43042f16e885,0x3e370a924c403ebe81323d3a2b4b7dd3fb17b63b,Donna Beck,yhughes@example.net,60126.81,2024-04-03 01:20:49,1
72e3360d-d0e3-46f4-919a-230fc566c220,0x4bd81ce82853ac432509072e77a3cd5e843a5dae,Patrick Harris,ogreer@example.net,0.0,2024-09-04 04:38:37,1
8d246bc7-752d-4ed0-92ff-6f0b79830384,0xbd5cfc28a79df08a2ca2a11bb4cf4a7beeefde3a,Kimberly Morrison,kellythompson@example.net,14336.63,2024-01-01 13:18:07,1
de3a3db8-e9e2-4d12-ba35-0fb2304eb8bb,0x948c36de68348fe036c303bd1ce97928bf5af332,Jose Bennett,qramirez@example.org,14707.239999999998,2024-02-04 03:09:59,1
5ea69b3a-bbb2-42e2-91a9-87c61e338e0a,0x80f6203646e47104903cd5ab3809e40ceff25e84,Gary Mckinney,billmcfarland@example.net,53967.439999999995,2023-12-23 09:12:28,1
c020c515-02e1-4360-929d-48cdd6f467b9,0x799c68d7c9700b92e85d2bb45e9eb575c0a31454,Sarah Turner,charles58@example.org,26849.22,2024-02-13 00:59:06,1
1753360c-0b56-4384-a525-e5c812c1caed,0x15cb623da335ad7c825fe83062c2cc14258c4c42,Caitlin Daniels,odavis@example.org,8272.32,2024-08-17 05:55:34,1
0d273f4a-d48d-4870-890c-5723409f5b2d,0xf8c4266e8b9da97bad3393864b1eafa82ac25219,Daniel Goodwin,wbarajas@example.net,18648.9,2023-12-07 01:15:26,1
ec72e8b9-98a7-4451-bccd-57b2269e1fc7,0x2540839f5cceeaa1a3bf2a9e867bd567efe2a480,David May,susanfleming@example.com,15678.220000000001,2024-04-29 17:51:04,1
3c627863-0b18-43cc-87b3-f7260ddb9782,0xaa7a4abd26700b77392820ab5962f05973bca878,Janice Fernandez,angel85@example.net,20913.68,2024-10-10 09:59:42,1
b4c974dd-1da8-4a74-875f-7bcd5eb45651,0xaa72b8eb8c1a36f6df17a46a15ad716de0d7dcf2,Mr. Matthew Flores,vaughangary@example.net,12059.64,2024-06-27 17:02:21,1
db38d4f1-6b4d-4038-ac96-b4017a3b4764,0x6acbbffdfc57bb91be606bd5b61c443c2e87597f,Michael Ayala,nhouston@example.net,5494.87,2024-10-20 11:41:53,1
1c7e3c4d-80bf-470f-90ec-10e7221bcd2b,0xb6dc828694bc40e13d33f4d771c363a604e7a8e9,Patricia Lucas,burgesseric@example.com,4720.15,2024-09-07 00:53:51,1
e01688c3-2eaf-42a1-b613-45fd9157fc13,0xee8f97dafbc6dced2ba2f5904109ddaf86e37e45,Anthony Bauer,andrewsjeremy@example.com,6928.13,2024-05-09 22:36:49,1
9bad450a-90a1-464c-83fd-fc4b3dac7d85,0x4420fdce5a5d490b8e9fc2a8112cafcd46eb3f64,Jessica Smith,nicholsdarlene@example.net,12720.130000000001,2023-12-28 04:37:04,1
bb6fb46b-f648-437d-a29d-1bebc24cbe41,0x791bdf30336ee6bc1638f05df7c1828397bae16b,Mercedes Jones,robertsgina@example.net,22719.03,2024-01-06 05:29:16,1
00d4d28e-3e5b-462e-82ee-574d609cdf67,0x9ec51aad1fbd6a450a109ba981874464a299191e,Jane Short,wellsamanda@example.org,0.0,2024-09-18 15:27:06,1
78d0cccd-fe5a-45e2-b1ce-8f87df369d98,0x542052c0a8c17d1ef7dcf8047a3aae23f9f0cb08,Kimberly Choi,kennetheaton@example.net,22916.48,2024-08-11 06:26:42,1
6e4190a1-438c-4d68-bf45-47713b7886cd,0x5c07816c4b9f0e45f0bb877239c08334bef4fe2e,Kristen Peters,williamsashley@example.com,10403.26,2024-06-29 05:49:14,1
96c2860d-4636-4843-a609-e19d588a2c2b,0x0dbe1d7565c4149eff34509327ef50f8efc8d1be,Daniel Figueroa,jason82@example.org,1817.34,2024-02-13 02:08:14,1
9006e4be-4d38-4412-95eb-16eb521aa4c9,0xb97c433a56a1cdf700935c17fa5f6684a565b35c,Cheyenne White,yorksarah@example.net,10942.89,2024-05-30 18:30:14,1
8a39d9b7-3727-4f6a-ab25-13128360a331,0x84e4a5c18f6b7b6067a2332546b107f6d5b74a4e,Michael King,jessicafreeman@example.com,19852.78,2024-04-20 07:58:17,1
c7848e95-2afc-4815-8d65-5cb4614ce366,0x1442ef13e7d5ae6aea21ccb2b89a4970347288bb,Ariel Harvey,louishayes@example.net,8087.470000000001,2024-08-15 17:27:42,1
0e740da7-cbb0-4306-96b8-2490f9bc97f6,0x900e84722bce6743b899a5c15a939f188ab85b8e,Krystal Diaz,susan20@example.com,5404.73,2024-03-08 05:43:09,1
c0f1c530-18eb-4625-9ee4-9bf5d59e1f96,0x82d646e91b53447764385b3211df8a57ee8c9b11,Margaret Hill,dennis57@example.com,0.0,2024-05-24 14:14:16,1
19c45f22-ed3a-423f-a8d2-222735ca3663,0x0a6e63d3b9627250c8c3c262cf91326cc3f1b1e2,Juan Thompson,wilkinsonmichele@example.org,2923.98,2024-11-13 18:41:28,1
f844bbc3-c8b3-4bc7-9d82-875ec328dc1e,0xf118c075efee37ba90e0bfc68b108daa39cd9379,Stephen Jones,mcclainmelissa@example.net,20075.559999999998,2023-12-15 17:57:07,1
b7f8bf0b-7ecc-44db-8acb-24e7c46ead70,0xc237c52b04f95ec92ebebafb8183ab2095339ef6,Patricia Lewis,arnoldamy@example.net,0.0,2024-06-03 23:31:42,1
e5315912-8421-438f-93d3-71111e7168c3,0x73427f5f50fc404b1bd48102bda604ced912c938,James Vance,dennis88@example.org,33123.590000000004,2024-05-05 17:30:23,1
2ea8c814-94bf-449f-b51c-1b7c5cfa9397,0x26157c9cba9f958352c653bc64631bc2995be223,David Maynard,katherinetaylor@example.org,9463.38,2024-02-11 04:57:17,1
b0d39e3f-f3b0-40ce-aa4f-235dbcca0f04,0x29e680f3d1d89232dda24026f6e2277e7a89a919,Shelby Thomas,ccrosby@example.org,16301.87,2024-09-24 08:38:16,1
61255ee2-dbc1-4eba-84d6-122e4835719c,0xb41e385aca5ddae581072b92a7db2694abbb5d86,Jacob Williams,aprilmoody@example.com,0.0,2024-06-03 00:52:54,1
c959a2c9-4e1a-43e7-be8f-ad0097adaeb4,0xed860a6b112d9eaed2496abe3faaeddf23b5a7e7,Amanda Wong,padillaadrienne@example.com,620.55,2024-10-22 20:46:27,1
cf87fc0e-b964-440a-a2cb-47b940159199,0xb8314e48bc85c243be749be8d6b82db7c88f4f3f,Laura Bennett,pdiaz@example.org,15912.21,2024-06-21 06:50:53,1
cfe2b945-5e7d-4697-ab49-d03bc63d665a,0xcfe393d4cefbfa3f8208bfedc35016eed852fe27,Courtney Sullivan,tommy79@example.org,15035.130000000001,2024-06-15 12:39:37,1
ac852d92-3dd1-4d48-b698-5928fd8255a2,0x59bdf98352f58cf6acc33f2d1c531e2c2f2052dd,David Robertson,jason22@example.com,5128.5,2024-07-24 10:26:11,1
f544fc44-60f7-4cf1-bb65-e7cfaa63c828,0x4d7fe03487cecd10d1e2ebb35b6869e8b2d5d95a,David Shepherd,olsontimothy@example.org,38319.520000000004,2024-07-20 01:46:16,1
a9bda1ed-8391-415a-b92f-3c93281e7129,0xb298362738051a6d32ca905939ca02a9ca21374b,Alison Williams,dennishunt@example.net,13026.619999999999,2024-01-29 16:04:58,1
93de08fa-433f-47b6-a1cd-20f5c73d1406,0xa38bc41a8c8aca581872f40167e7c7b7214184f0,Christopher Mullen,johnsjessica@example.com,31432.2,2024-01-05 22:26:05,1
018a0551-a1ac-4b2d-8216-231937248644,0x96bc0e7ea4208948ef663270baa4f016725cf112,Kaitlin Olson,mariaburke@example.net,6857.4,2024-10-17 06:22:43,1
62ba9814-9df6-4ee1-90d0-70339137616f,0x57a97f9213d073c2f3d379893df58c9756ce73b8,Kayla Jackson,sandra99@example.org,29195.620000000003,2024-03-01 21:13:14,1
e8ada9c1-2d60-41da-a4dc-d783e694eeb2,0xad06a5313943df6502bc323a6634d4364c1d0e47,Alan Mills,mserrano@example.org,1761.86,2024-02-10 12:53:43,1
368e344e-2e13-447d-a632-ad511ceb6273,0x001bc6dacb4d155fb84695ed462df399e7f15ac9,Amanda Bowers,davisdonna@example.net,19433.730000000003,2024-06-30 01:42:37,1
162ea2ff-9ed4-47f5-b5af-d1032a130861,0xd9800b112f79dd6528e7d6fa5a0fec88c8d57a37,Patricia Banks,cwood@example.net,4361.41,2024-06-26 09:26:55,1
41826ede-0b2b-458b-af98-3f8a61aadf61,0x7704edc2d6d937f1cb7996895ba3b6c973555b88,Karen Mack,brianna91@example.com,0.0,2024-01-24 15:04:54,1
428312d5-e086-4a71-8e5f-a832ff8b7aea,0x62031ba0ded9310bde76c6e43162009388319d7f,Susan Miller,ascott@example.net,27366.69,2024-09-17 10:28:51,1
0ee89d0d-7d8e-48e4-9610-d216c84dbe29,0x94025a009e6378ee453bb5d58100885e98e428b3,Autumn Smith,gwendolynstewart@example.com,0.0,2024-01-14 00:37:42,1
6c773229-6471-43e0-b5be-b577af45ccae,0xf8bebee15ba179cdb6549c42d96a311dc9ad4626,Dawn Wyatt,ncunningham@example.com,13740.400000000001,2024-08-23 22:54:20,1
e9ec24d2-a494-40d2-a387-f20531134d8e,0x34c77c28fd539960d30006955b63015205630541,Juan Grant,mitchellpeters@example.com,55412.450000000004,2024-03-31 17:24:53,1
13dfd635-2f32-4b4a-b122-531e0bf6de3b,0x83e7a16640779b7124974c10a3c83660ab3d5518,Jennifer Taylor,adkinssean@example.net,6903.26,2024-02-04 11:14:26,1
6def50db-5947-4a8e-9ae8-998f8e403ea6,0x3fc2848461646a6bdff0967080ddad4d3da23ffe,Rachel Owen,martintamara@example.org,8843.31,2024-10-11 00:28:00,1
b59dc8fc-ee01-4328-bf8c-42f10f45acdc,0xf07a30501241f2fed39254b7ba46ac6593bdeb8e,Timothy Graham,bakernathan@example.net,2758.1,2023-12-18 07:06:21,1
3f999123-1ca3-4fcc-b4a4-28a94eb2f9cf,0xe2885198913c91a520baad37f1785c864f2e63b8,Jennifer Douglas,jennifer90@example.org,4982.16,2024-08-08 07:08:54,1
3d03bc2f-1e7b-4e90-a9cc-21d30ebb1584,0x8628606afb0000f26d8b8d0440df031d6caadc35,Samuel Galvan,james98@example.net,7380.759999999999,2024-08-30 21:13:27,1
5e6ee33a-19c9-4281-a892-1a4c34c6fcc3,0x971773eb29dea5407d83cbd61c10c6f19f72a232,Andrew Allen,cantrellchristopher@example.com,4694.13,2024-10-01 10:16:43,1
b94063b6-7b1a-4949-946e-a2d524303675,0x00af481e29ee9a61ff02225666f3c8f4ae979dbe,Jennifer Gonzalez,mclaughlincasey@example.org,9781.89,2024-07-04 01:46:32,1
b9c43b3b-6471-49b6-867c-d65748dadd95,0xa6f5eb047db926bc4144800c7bf9bda12368138b,Suzanne Bailey,jeremy37@example.com,30187.379999999997,2024-07-13 21:43:11,1
531f7485-468f-49ec-a2a6-5cf4dd60672e,0x1dc6033a7b6695b5bbb100e090410af6b4fc7b99,Jonathan Hansen,matthew18@example.com,3661.73,2024-11-07 21:09:58,1
c14609d7-3c19-4b67-a18d-eee2fddf5adc,0x9669a64f62eb82565a797b8f611057d865afcda6,Danielle Ramos,xhart@example.org,25107.059999999998,2024-09-22 19:21:48,1
37985803-0226-481c-bf4a-c28a0d48ac1a,0x452e03c58a51c3efc03920d8ae40b1bb91bb9b26,Melanie Mosley,olsonjonathan@example.com,17399.899999999998,2024-08-05 17:21:24,1
c2c15428-d74d-49b7-b3d3-9fc86e5b0a0c,0x2e26fd5573cf921708b03fc87e7231586ff2ddcc,Michael Mcbride,hmoses@example.net,15678.67,2023-12-07 09:49:39,1
577aa988-1f0f-4bbd-8be2-fa056af19c60,0x0b3df0c12f547318486cc41985e1dd10667d343a,Dustin Ross,charles27@example.com,57699.380000000005,2024-04-18 22:24:47,1
94d42889-cd56-40ca-9066-2fb852b914d4,0x56ab35c5dbc8287982ab4aec31386560bb9b31d0,Catherine Reese,victorgonzalez@example.net,0.0,2024-03-06 15:19:51,1
77517bd4-edd4-4547-a3d6-f302575657a5,0xcb5ffde9ed5dc2b7efb069e552a63bcd8efb7b5e,Dale Wright,eric11@example.org,8079.369999999999,2024-08-22 02:13:34,1
8ffc93ef-186f-4fe5-9a57-a7b2a206c316,0x0d706598f20b31e4eedf70c147fef90ce2a318ed,Aaron Vincent DVM,uwatson@example.com,20700.510000000002,2024-11-16 10:17:49,1
8eb640ff-cd13-4168-bf86-36edda9675e5,0x36e5bfcf91da3b9237f854ea2d6354daee26e641,Sheila Henry,raymond92@example.org,15368.08,2024-06-24 19:24:37,1
3e442439-4093-4304-a5a1-af9efc11aa01,0xa0de662e5aca518449fc3e9fea8f680f736c9af8,Joshua Shaw,xdalton@example.org,22295.47,2024-05-29 04:34:36,1
822b8a9c-d875-474a-a5f5-54515f586c1c,0x42518a2d8f9aef0ce5a4a9da3e8e385651009cb0,Julia Norris,craignicolas@example.org,3122.68,2024-04-08 00:29:09,1
80ef9c29-6e5f-4822-89bf-59f4df44d76a,0x61ce8eba7f8e3b7e5eea5b8a3dccdf5121d441df,Chelsea Baker,thomas95@example.com,15847.029999999999,2024-02-13 01:24:01,1
b66ae0c0-78ff-4af7-a8ad-8416656b0598,0x77ecea62606331b0d7159fc11c2b41dba4774df9,Michael Watson,lramirez@example.net,35452.740000000005,2024-01-23 13:30:23,1
bc353595-8308-4f9c-8f3f-1664337f3c46,0x9e545e7d0912471063d5ed3adc207bad31203f37,Robin Le,angelachase@example.org,0.0,2024-01-29 06:33:46,1
8e296e6d-27cc-475d-a32b-4a92b44b9284,0xcfd8379243ffaea96247b79a97ad5eea7808d836,Kara Smith,oporter@example.net,12138.64,2024-06-28 00:16:45,1
98365bd4-adec-41d5-838b-8885f68bf57f,0x9d5c9fe2a4f9b027495d75246c40548a2de80343,Elizabeth Hart,rosshannah@example.org,0.0,2024-02-25 07:30:06,1
e5d8d8b4-4762-42d0-acb0-1061410fe6d8,0x8be31de27b609f0779a17c3124221f9e24c319ee,Mark Cole,jordan58@example.net,1506.78,2024-11-29 12:37:18,1
9e7f0c37-dd1e-416b-81be-def630150c9f,0x51354d7cad2b148ba26a2d8060c6c2765ecf9a33,Jason Bell,barbarasantos@example.net,0.0,2024-02-09 10:01:14,1
7ee87139-5951-4f10-92e1-4e9cbe0aa641,0x5c4930d0eca81352a2aa6216e687747908cb8ca5,Frederick Dixon,ypreston@example.net,23599.81,2024-03-23 21:47:38,1
63cea2f2-5b38-48cc-b04f-dcce8b49d244,0x16b40148a8dbfd3519202fcd6c1cbd8cb2bf08e1,Sheena Davidson,robert99@example.com,8825.74,2024-10-28 07:31:46,1
d590ecd6-7504-4dd2-9238-4ba643bfa5bd,0x1081585859cfdbaf0b88b27018023b90a96fdfe2,Greg Edwards,jennifer96@example.com,12283.47,2024-11-12 09:05:17,1
6a27e5a4-caf0-4406-87d9-41934d2cc665,0x8df257d2da344adea004c6caa6d046c97b1817ce,Heidi Matthews,lgutierrez@example.org,265.12,2024-01-21 04:39:26,1
464856f6-61c8-4828-979c-bae7db455f69,0x0854021971cf03bb92341fcb934d2c288a23ee93,Teresa Haynes,clarkrandy@example.org,13739.99,2023-12-28 09:47:20,1
8ba066d3-5425-4aec-8005-060b623ebeeb,0x0ffcd2819c1c699e528e528c59c77bfb5c8e063f,Anthony Wise,garciachristine@example.org,7028.72,2024-08-13 22:41:01,1
a7bbbfc6-18e0-4058-9d95-246a63bfa602,0x09b973430fbd6d64866aa7f9ff5b993bb362bab9,Dave Rojas,isims@example.net,14445.58,2024-10-24 06:45:10,1
46f96db6-f660-45c0-ba10-9771bb25e2cd,0x0e3c3b7fe0be51c35fe7b44dcd21586d61c0faf2,Howard Herman,imcdonald@example.com,1434.72,2024-07-03 16:00:48,1
e58daa0c-8b2c-47e1-88a4-f451bf46919d,0x7f1f2cbdfaea021efd68b01f64e7871098309103,Melissa Thompson,owelch@example.net,59058.59,2024-05-20 13:29:01,1
2960e7aa-d228-49e9-9848-97fe43c20eba,0x38a9743495dc51361479b9fed194c078af74393a,Emily Reed,lindaramos@example.com,6893.96,2024-05-11 17:13:07,1
25cdff3e-93da-49bb-ac97-b63c72b57e74,0xa72d077cb077c139540d8b1c01cee8c1f44cca7d,Aaron Ochoa,mauriceharrison@example.org,6917.2300000000005,2024-08-26 17:40:53,1
cb4f182e-1145-40d5-9bcc-51ef7ec2665e,0x113f9c76baabc8bc3d249dffcc86314fba9840bc,Karen Smith,myates@example.org,0.0,2024-10-08 01:36:40,1
e18b7a2b-cb76-4a34-92ee-a254aee628f0,0xe5ca36e5a0413afa57c10a9942f3fe6e242c00a7,Jason Castro,twright@example.net,62890.399999999994,2024-08-10 12:16:17,1
394da7d9-1e81-4208-aa00-5903e50abda5,0x446ac61ad43aaa794034261060cd3cc8524874eb,Dennis Henderson,zacharymarsh@example.net,63441.32,2024-10-12 06:20:41,1
14842f5c-c8ef-4e4d-b05f-271f32841a15,0x7cc740e89083292e0d18b5804547dfe1c7b3ef6e,Matthew Patel,robert12@example.org,5589.03,2024-03-25 02:25:28,1
4ea5f881-7654-45f5-85db-ada9f96e2f7e,0x16f6c327e2f9beae8613679bd781e7c21eecc05f,Jesse Graves,blopez@example.org,0.0,2023-12-22 21:48:18,1
23a76b28-3b2e-424c-a4f0-1a8a76bce04e,0x1c5f0671832d8fb5258eb22d234c89f6eeedffc7,William Campbell,jenniferacosta@example.org,0.0,2024-01-07 15:53:51,1
765f200c-cc07-46a7-8b23-28ac9ccc6cdc,0x5057804fb66ea23de90a92f63b8878913670eb6a,Glenn Collins DDS,steven05@example.org,15433.64,2024-10-26 05:37:19,1
a193c401-fa34-46ee-a987-dad71cca296b,0x85aec1cc901ad4a48b6d14e545d22092eb627241,Derek Long,qwhite@example.com,5611.87,2024-10-20 07:04:10,1
f38dfa37-fa61-49cf-92c3-4051079cf10e,0xdf6557c0c3d4f9421ae49ca81a6458c5b1580c29,Michelle Cruz,cwright@example.org,7235.9,2024-05-30 14:29:27,1
e6a7d74a-ee6d-4663-a01d-c8cac5502d57,0xb5989462019864a45ab294aa737acf0130266879,Maxwell Clark,tmaldonado@example.com,4754.55,2024-02-03 05:33:59,1
c67415de-d329-4f42-a1f3-6052af0b8642,0x4767008d5d1f5ac9de417afa0fa84c29659d318f,Timothy Meyer,timothy43@example.com,28040.229999999996,2024-11-12 07:28:58,1
9049a4ae-8062-4363-a779-91cbfe0b932d,0xf639f8066401db3d0d73f6f5663d95390f29a37b,Valerie Young,knguyen@example.com,5009.0,2024-07-17 16:58:14,1
25b3149f-4a3d-4553-b59c-5c1918ba6936,0x70ccb6cc80209b36e42b19665299bc9e4281bc89,Alexa Williams,jbarker@example.com,9457.49,2024-09-27 23:32:58,1
1dca61b1-4941-4bce-8cdb-5ab176b99d48,0xf6d5b9a23e6998d125206eeeb95ed2ad5d3946c7,Brandon Montgomery,browndeanna@example.net,0.0,2024-06-28 22:22:34,1
8f8c0f12-91e9-4271-a1a5-9e038bcf5e07,0x3d4aaf37dc92127765db0dd433203031f46f9cb2,David Holden,linda73@example.org,7327.219999999999,2024-08-27 07:28:34,1
f6beeded-79c4-4d50-b996-6efb2e34e97e,0xfd2ebec4c6f93106a13b425fe29116b41863d849,Danielle Williams,ihansen@example.net,2521.92,2024-06-10 23:11:21,1
4e49dfdf-389a-438c-88f5-a65bc74e9551,0x317b7c0efeafe9e72eab7c848ac4eda3e7192c42,Gregory Oconnor,mikayla98@example.org,0.0,2023-12-30 09:10:37,1
2c8b1b99-02aa-44f7-a283-e55c7d2f918b,0x4eaaa899dcff185cc530abaa5ae076c0f6bc02da,Robert Weaver,osmith@example.net,13287.44,2024-04-28 20:08:34,1
a3776bda-cd80-4452-9d7f-9077831c9eed,0xaa68710d1736984a42de7c3a9d72fe96c88a027b,Lisa Diaz,malikbrown@example.net,19184.190000000002,2024-10-16 17:17:51,1
6c119469-ac5d-401c-b1dd-8a9d0433b9b0,0x9c0812bf36367b79bac514d2b1cae872249a5cdb,Kathleen Arnold,marcus51@example.org,3422.61,2024-06-23 19:46:59,1
1dc87321-6e4f-4324-8b8e-4c218084797a,0x94524fc2b11bc3a8bb4e64a5c6035c61344ec598,Todd White,harristodd@example.org,3226.1,2023-12-15 23:45:29,1
aa706299-5fae-4221-884d-cef485ea047f,0xd56347c9c09e132e444c224de6fa7a511c3b3b39,Mary Fox,brandon39@example.net,63378.630000000005,2023-12-31 03:47:38,1
a7950855-a69f-4198-9d83-af6a30877ced,0x1a821c290ee6a93d59bd86aa10232b125570a284,Mary Hebert,mcdonalddanielle@example.com,11271.24,2024-07-07 08:19:23,1
843f53be-0ba5-49dc-8b91-de85b5ac0c27,0x905a17e08a6eaf08dff9e6c886ab1660c5c86ca5,Samantha Bauer,colonjoseph@example.org,2238.69,2024-09-13 19:22:33,1
0a4fe2aa-1afa-4903-95c0-ac3007c5e415,0xe0d9f23fbb1e4b08e6acb3f248affca64a5fa4d4,Tony Yu,garciajerry@example.com,0.0,2024-02-15 05:05:59,1
